date,lat,lon,rise,set
2014-11-24,0,0.0,error,error
2014-11-24,20,0.0,error,error
2014-11-24,35,0.0,error,error
2014-11-24,45,0.0,error,error
2014-11-24,55,0.0,error,error
2014-11-24,64,0.0,error,error
2014-11-24,-33,0.0,error,error
2014-11-24,-55,0.0,error,error
2006-03-10,0,0.0,error,error
2006-03-10,20,0.0,error,error
2006-03-10,35,0.0,error,error
2006-03-10,45,0.0,error,error
2006-03-10,55,0.0,error,error
2006-03-10,64,0.0,error,error
2006-03-10,-33,0.0,error,error
2006-03-10,-55,0.0,error,error
2021-01-30,0,0.0,error,error
2021-01-30,20,0.0,error,error
2021-01-30,35,0.0,error,error
2021-01-30,45,0.0,error,error
2021-01-30,55,0.0,error,error
2021-01-30,64,0.0,error,error
2021-01-30,-33,0.0,error,error
2021-01-30,-55,0.0,error,error
2034-05-27,0,0.0,error,error
2034-05-27,20,0.0,error,error
2034-05-27,35,0.0,error,error
2034-05-27,45,0.0,error,error
2034-05-27,55,0.0,error,error
2034-05-27,64,0.0,error,error
2034-05-27,-33,0.0,error,error
2034-05-27,-55,0.0,error,error
2029-07-04,0,0.0,error,error
2029-07-04,20,0.0,error,error
2029-07-04,35,0.0,error,error
2029-07-04,45,0.0,error,error
2029-07-04,55,0.0,error,error
2029-07-04,64,0.0,error,error
2029-07-04,-33,0.0,error,error
2029-07-04,-55,0.0,error,error
2010-02-03,0,0.0,error,error
2010-02-03,20,0.0,error,error
2010-02-03,35,0.0,error,error
2010-02-03,45,0.0,error,error
2010-02-03,55,0.0,error,error
2010-02-03,64,0.0,error,error
2010-02-03,-33,0.0,error,error
2010-02-03,-55,0.0,error,error
2026-10-31,0,0.0,error,error
2026-10-31,20,0.0,error,error
2026-10-31,35,0.0,error,error
2026-10-31,45,0.0,error,error
2026-10-31,55,0.0,error,error
2026-10-31,64,0.0,error,error
2026-10-31,-33,0.0,error,error
2026-10-31,-55,0.0,error,error
2007-03-16,0,0.0,error,error
2007-03-16,20,0.0,error,error
2007-03-16,35,0.0,error,error
2007-03-16,45,0.0,error,error
2007-03-16,55,0.0,error,error
2007-03-16,64,0.0,error,error
2007-03-16,-33,0.0,error,error
2007-03-16,-55,0.0,error,error
2037-12-17,0,0.0,error,error
2037-12-17,20,0.0,error,error
2037-12-17,35,0.0,error,error
2037-12-17,45,0.0,error,error
2037-12-17,55,0.0,error,error
2037-12-17,64,0.0,error,error
2037-12-17,-33,0.0,error,error
2037-12-17,-55,0.0,error,error
2002-04-22,0,0.0,error,error
2002-04-22,20,0.0,error,error
2002-04-22,35,0.0,error,error
2002-04-22,45,0.0,error,error
2002-04-22,55,0.0,error,error
2002-04-22,64,0.0,error,error
2002-04-22,-33,0.0,error,error
2002-04-22,-55,0.0,error,error
2001-04-26,0,0.0,error,error
2001-04-26,20,0.0,error,error
2001-04-26,35,0.0,error,error
2001-04-26,45,0.0,error,error
2001-04-26,55,0.0,error,error
2001-04-26,64,0.0,error,error
2001-04-26,-33,0.0,error,error
2001-04-26,-55,0.0,error,error
2043-05-01,0,0.0,error,error
2043-05-01,20,0.0,error,error
2043-05-01,35,0.0,error,error
2043-05-01,45,0.0,error,error
2043-05-01,55,0.0,error,error
2043-05-01,64,0.0,error,error
2043-05-01,-33,0.0,error,error
2043-05-01,-55,0.0,error,error
2011-02-23,0,0.0,error,error
2011-02-23,20,0.0,error,error
2011-02-23,35,0.0,error,error
2011-02-23,45,0.0,error,error
2011-02-23,55,0.0,error,error
2011-02-23,64,0.0,error,error
2011-02-23,-33,0.0,error,error
2011-02-23,-55,0.0,error,error
2008-05-21,0,0.0,error,error
2008-05-21,20,0.0,error,error
2008-05-21,35,0.0,error,error
2008-05-21,45,0.0,error,error
2008-05-21,55,0.0,error,error
2008-05-21,64,0.0,error,error
2008-05-21,-33,0.0,error,error
2008-05-21,-55,0.0,error,error
2031-10-18,0,0.0,error,error
2031-10-18,20,0.0,error,error
2031-10-18,35,0.0,error,error
2031-10-18,45,0.0,error,error
2031-10-18,55,0.0,error,error
2031-10-18,64,0.0,error,error
2031-10-18,-33,0.0,error,error
2031-10-18,-55,0.0,error,error
2000-04-09,0,0.0,error,error
2000-04-09,20,0.0,error,error
2000-04-09,35,0.0,error,error
2000-04-09,45,0.0,error,error
2000-04-09,55,0.0,error,error
2000-04-09,64,0.0,error,error
2000-04-09,-33,0.0,error,error
2000-04-09,-55,0.0,error,error
2010-12-14,0,0.0,error,error
2010-12-14,20,0.0,error,error
2010-12-14,35,0.0,error,error
2010-12-14,45,0.0,error,error
2010-12-14,55,0.0,error,error
2010-12-14,64,0.0,error,error
2010-12-14,-33,0.0,error,error
2010-12-14,-55,0.0,error,error
2013-07-30,0,0.0,error,error
2013-07-30,20,0.0,error,error
2013-07-30,35,0.0,error,error
2013-07-30,45,0.0,error,error
2013-07-30,55,0.0,error,error
2013-07-30,64,0.0,error,error
2013-07-30,-33,0.0,error,error
2013-07-30,-55,0.0,error,error
2006-05-15,0,0.0,error,error
2006-05-15,20,0.0,error,error
2006-05-15,35,0.0,error,error
2006-05-15,45,0.0,error,error
2006-05-15,55,0.0,error,error
2006-05-15,64,0.0,error,error
2006-05-15,-33,0.0,error,error
2006-05-15,-55,0.0,error,error
2038-01-26,0,0.0,error,error
2038-01-26,20,0.0,error,error
2038-01-26,35,0.0,error,error
2038-01-26,45,0.0,error,error
2038-01-26,55,0.0,error,error
2038-01-26,64,0.0,error,error
2038-01-26,-33,0.0,error,error
2038-01-26,-55,0.0,error,error
2003-05-04,0,0.0,error,error
2003-05-04,20,0.0,error,error
2003-05-04,35,0.0,error,error
2003-05-04,45,0.0,error,error
2003-05-04,55,0.0,error,error
2003-05-04,64,0.0,error,error
2003-05-04,-33,0.0,error,error
2003-05-04,-55,0.0,error,error
2033-09-05,0,0.0,error,error
2033-09-05,20,0.0,error,error
2033-09-05,35,0.0,error,error
2033-09-05,45,0.0,error,error
2033-09-05,55,0.0,error,error
2033-09-05,64,0.0,error,error
2033-09-05,-33,0.0,error,error
2033-09-05,-55,0.0,error,error
2033-03-06,0,0.0,error,error
2033-03-06,20,0.0,error,error
2033-03-06,35,0.0,error,error
2033-03-06,45,0.0,error,error
2033-03-06,55,0.0,error,error
2033-03-06,64,0.0,error,error
2033-03-06,-33,0.0,error,error
2033-03-06,-55,0.0,error,error
2037-08-01,0,0.0,error,error
2037-08-01,20,0.0,error,error
2037-08-01,35,0.0,error,error
2037-08-01,45,0.0,error,error
2037-08-01,55,0.0,error,error
2037-08-01,64,0.0,error,error
2037-08-01,-33,0.0,error,error
2037-08-01,-55,0.0,error,error
2034-09-27,0,0.0,error,error
2034-09-27,20,0.0,error,error
2034-09-27,35,0.0,error,error
2034-09-27,45,0.0,error,error
2034-09-27,55,0.0,error,error
2034-09-27,64,0.0,error,error
2034-09-27,-33,0.0,error,error
2034-09-27,-55,0.0,error,error
2022-02-16,0,0.0,error,error
2022-02-16,20,0.0,error,error
2022-02-16,35,0.0,error,error
2022-02-16,45,0.0,error,error
2022-02-16,55,0.0,error,error
2022-02-16,64,0.0,error,error
2022-02-16,-33,0.0,error,error
2022-02-16,-55,0.0,error,error
2016-04-02,0,0.0,error,error
2016-04-02,20,0.0,error,error
2016-04-02,35,0.0,error,error
2016-04-02,45,0.0,error,error
2016-04-02,55,0.0,error,error
2016-04-02,64,0.0,error,error
2016-04-02,-33,0.0,error,error
2016-04-02,-55,0.0,error,error
2022-01-25,0,0.0,error,error
2022-01-25,20,0.0,error,error
2022-01-25,35,0.0,error,error
2022-01-25,45,0.0,error,error
2022-01-25,55,0.0,error,error
2022-01-25,64,0.0,error,error
2022-01-25,-33,0.0,error,error
2022-01-25,-55,0.0,error,error
2005-02-27,0,0.0,error,error
2005-02-27,20,0.0,error,error
2005-02-27,35,0.0,error,error
2005-02-27,45,0.0,error,error
2005-02-27,55,0.0,error,error
2005-02-27,64,0.0,error,error
2005-02-27,-33,0.0,error,error
2005-02-27,-55,0.0,error,error
2030-02-07,0,0.0,error,error
2030-02-07,20,0.0,error,error
2030-02-07,35,0.0,error,error
2030-02-07,45,0.0,error,error
2030-02-07,55,0.0,error,error
2030-02-07,64,0.0,error,error
2030-02-07,-33,0.0,error,error
2030-02-07,-55,0.0,error,error
2011-01-24,0,0.0,error,error
2011-01-24,20,0.0,error,error
2011-01-24,35,0.0,error,error
2011-01-24,45,0.0,error,error
2011-01-24,55,0.0,error,error
2011-01-24,64,0.0,error,error
2011-01-24,-33,0.0,error,error
2011-01-24,-55,0.0,error,error
2038-03-25,0,0.0,error,error
2038-03-25,20,0.0,error,error
2038-03-25,35,0.0,error,error
2038-03-25,45,0.0,error,error
2038-03-25,55,0.0,error,error
2038-03-25,64,0.0,error,error
2038-03-25,-33,0.0,error,error
2038-03-25,-55,0.0,error,error
2050-02-24,0,0.0,error,error
2050-02-24,20,0.0,error,error
2050-02-24,35,0.0,error,error
2050-02-24,45,0.0,error,error
2050-02-24,55,0.0,error,error
2050-02-24,64,0.0,error,error
2050-02-24,-33,0.0,error,error
2050-02-24,-55,0.0,error,error
2001-11-07,0,0.0,error,error
2001-11-07,20,0.0,error,error
2001-11-07,35,0.0,error,error
2001-11-07,45,0.0,error,error
2001-11-07,55,0.0,error,error
2001-11-07,64,0.0,error,error
2001-11-07,-33,0.0,error,error
2001-11-07,-55,0.0,error,error
2021-12-10,0,0.0,error,error
2021-12-10,20,0.0,error,error
2021-12-10,35,0.0,error,error
2021-12-10,45,0.0,error,error
2021-12-10,55,0.0,error,error
2021-12-10,64,0.0,error,error
2021-12-10,-33,0.0,error,error
2021-12-10,-55,0.0,error,error
2033-03-10,0,0.0,error,error
2033-03-10,20,0.0,error,error
2033-03-10,35,0.0,error,error
2033-03-10,45,0.0,error,error
2033-03-10,55,0.0,error,error
2033-03-10,64,0.0,error,error
2033-03-10,-33,0.0,error,error
2033-03-10,-55,0.0,error,error
2004-12-24,0,0.0,error,error
2004-12-24,20,0.0,error,error
2004-12-24,35,0.0,error,error
2004-12-24,45,0.0,error,error
2004-12-24,55,0.0,error,error
2004-12-24,64,0.0,error,error
2004-12-24,-33,0.0,error,error
2004-12-24,-55,0.0,error,error
2015-01-09,0,0.0,error,error
2015-01-09,20,0.0,error,error
2015-01-09,35,0.0,error,error
2015-01-09,45,0.0,error,error
2015-01-09,55,0.0,error,error
2015-01-09,64,0.0,error,error
2015-01-09,-33,0.0,error,error
2015-01-09,-55,0.0,error,error
2043-12-17,0,0.0,error,error
2043-12-17,20,0.0,error,error
2043-12-17,35,0.0,error,error
2043-12-17,45,0.0,error,error
2043-12-17,55,0.0,error,error
2043-12-17,64,0.0,error,error
2043-12-17,-33,0.0,error,error
2043-12-17,-55,0.0,error,error
2031-10-10,0,0.0,error,error
2031-10-10,20,0.0,error,error
2031-10-10,35,0.0,error,error
2031-10-10,45,0.0,error,error
2031-10-10,55,0.0,error,error
2031-10-10,64,0.0,error,error
2031-10-10,-33,0.0,error,error
2031-10-10,-55,0.0,error,error
2002-04-06,0,0.0,error,error
2002-04-06,20,0.0,error,error
2002-04-06,35,0.0,error,error
2002-04-06,45,0.0,error,error
2002-04-06,55,0.0,error,error
2002-04-06,64,0.0,error,error
2002-04-06,-33,0.0,error,error
2002-04-06,-55,0.0,error,error
2039-07-15,0,0.0,error,error
2039-07-15,20,0.0,error,error
2039-07-15,35,0.0,error,error
2039-07-15,45,0.0,error,error
2039-07-15,55,0.0,error,error
2039-07-15,64,0.0,error,error
2039-07-15,-33,0.0,error,error
2039-07-15,-55,0.0,error,error
2013-07-29,0,0.0,error,error
2013-07-29,20,0.0,error,error
2013-07-29,35,0.0,error,error
2013-07-29,45,0.0,error,error
2013-07-29,55,0.0,error,error
2013-07-29,64,0.0,error,error
2013-07-29,-33,0.0,error,error
2013-07-29,-55,0.0,error,error
2008-08-14,0,0.0,error,error
2008-08-14,20,0.0,error,error
2008-08-14,35,0.0,error,error
2008-08-14,45,0.0,error,error
2008-08-14,55,0.0,error,error
2008-08-14,64,0.0,error,error
2008-08-14,-33,0.0,error,error
2008-08-14,-55,0.0,error,error
2004-11-05,0,0.0,error,error
2004-11-05,20,0.0,error,error
2004-11-05,35,0.0,error,error
2004-11-05,45,0.0,error,error
2004-11-05,55,0.0,error,error
2004-11-05,64,0.0,error,error
2004-11-05,-33,0.0,error,error
2004-11-05,-55,0.0,error,error
2033-06-07,0,0.0,error,error
2033-06-07,20,0.0,error,error
2033-06-07,35,0.0,error,error
2033-06-07,45,0.0,error,error
2033-06-07,55,0.0,error,error
2033-06-07,64,0.0,error,error
2033-06-07,-33,0.0,error,error
2033-06-07,-55,0.0,error,error
2009-03-13,0,0.0,error,error
2009-03-13,20,0.0,error,error
2009-03-13,35,0.0,error,error
2009-03-13,45,0.0,error,error
2009-03-13,55,0.0,error,error
2009-03-13,64,0.0,error,error
2009-03-13,-33,0.0,error,error
2009-03-13,-55,0.0,error,error
2050-04-13,0,0.0,error,error
2050-04-13,20,0.0,error,error
2050-04-13,35,0.0,error,error
2050-04-13,45,0.0,error,error
2050-04-13,55,0.0,error,error
2050-04-13,64,0.0,error,error
2050-04-13,-33,0.0,error,error
2050-04-13,-55,0.0,error,error
2018-10-13,0,0.0,error,error
2018-10-13,20,0.0,error,error
2018-10-13,35,0.0,error,error
2018-10-13,45,0.0,error,error
2018-10-13,55,0.0,error,error
2018-10-13,64,0.0,error,error
2018-10-13,-33,0.0,error,error
2018-10-13,-55,0.0,error,error
2011-06-07,0,0.0,error,error
2011-06-07,20,0.0,error,error
2011-06-07,35,0.0,error,error
2011-06-07,45,0.0,error,error
2011-06-07,55,0.0,error,error
2011-06-07,64,0.0,error,error
2011-06-07,-33,0.0,error,error
2011-06-07,-55,0.0,error,error
2035-05-14,0,0.0,error,error
2035-05-14,20,0.0,error,error
2035-05-14,35,0.0,error,error
2035-05-14,45,0.0,error,error
2035-05-14,55,0.0,error,error
2035-05-14,64,0.0,error,error
2035-05-14,-33,0.0,error,error
2035-05-14,-55,0.0,error,error
2004-11-24,0,0.0,error,error
2004-11-24,20,0.0,error,error
2004-11-24,35,0.0,error,error
2004-11-24,45,0.0,error,error
2004-11-24,55,0.0,error,error
2004-11-24,64,0.0,error,error
2004-11-24,-33,0.0,error,error
2004-11-24,-55,0.0,error,error
2044-04-15,0,0.0,error,error
2044-04-15,20,0.0,error,error
2044-04-15,35,0.0,error,error
2044-04-15,45,0.0,error,error
2044-04-15,55,0.0,error,error
2044-04-15,64,0.0,error,error
2044-04-15,-33,0.0,error,error
2044-04-15,-55,0.0,error,error
2042-01-18,0,0.0,error,error
2042-01-18,20,0.0,error,error
2042-01-18,35,0.0,error,error
2042-01-18,45,0.0,error,error
2042-01-18,55,0.0,error,error
2042-01-18,64,0.0,error,error
2042-01-18,-33,0.0,error,error
2042-01-18,-55,0.0,error,error
2028-07-09,0,0.0,error,error
2028-07-09,20,0.0,error,error
2028-07-09,35,0.0,error,error
2028-07-09,45,0.0,error,error
2028-07-09,55,0.0,error,error
2028-07-09,64,0.0,error,error
2028-07-09,-33,0.0,error,error
2028-07-09,-55,0.0,error,error
2034-07-30,0,0.0,error,error
2034-07-30,20,0.0,error,error
2034-07-30,35,0.0,error,error
2034-07-30,45,0.0,error,error
2034-07-30,55,0.0,error,error
2034-07-30,64,0.0,error,error
2034-07-30,-33,0.0,error,error
2034-07-30,-55,0.0,error,error
2046-03-30,0,0.0,error,error
2046-03-30,20,0.0,error,error
2046-03-30,35,0.0,error,error
2046-03-30,45,0.0,error,error
2046-03-30,55,0.0,error,error
2046-03-30,64,0.0,error,error
2046-03-30,-33,0.0,error,error
2046-03-30,-55,0.0,error,error
2036-11-23,0,0.0,error,error
2036-11-23,20,0.0,error,error
2036-11-23,35,0.0,error,error
2036-11-23,45,0.0,error,error
2036-11-23,55,0.0,error,error
2036-11-23,64,0.0,error,error
2036-11-23,-33,0.0,error,error
2036-11-23,-55,0.0,error,error
2050-02-25,0,0.0,error,error
2050-02-25,20,0.0,error,error
2050-02-25,35,0.0,error,error
2050-02-25,45,0.0,error,error
2050-02-25,55,0.0,error,error
2050-02-25,64,0.0,error,error
2050-02-25,-33,0.0,error,error
2050-02-25,-55,0.0,error,error
2048-10-24,0,0.0,error,error
2048-10-24,20,0.0,error,error
2048-10-24,35,0.0,error,error
2048-10-24,45,0.0,error,error
2048-10-24,55,0.0,error,error
2048-10-24,64,0.0,error,error
2048-10-24,-33,0.0,error,error
2048-10-24,-55,0.0,error,error
2032-12-21,0,0.0,error,error
2032-12-21,20,0.0,error,error
2032-12-21,35,0.0,error,error
2032-12-21,45,0.0,error,error
2032-12-21,55,0.0,error,error
2032-12-21,64,0.0,error,error
2032-12-21,-33,0.0,error,error
2032-12-21,-55,0.0,error,error
2013-11-20,0,0.0,error,error
2013-11-20,20,0.0,error,error
2013-11-20,35,0.0,error,error
2013-11-20,45,0.0,error,error
2013-11-20,55,0.0,error,error
2013-11-20,64,0.0,error,error
2013-11-20,-33,0.0,error,error
2013-11-20,-55,0.0,error,error
2031-11-05,0,0.0,error,error
2031-11-05,20,0.0,error,error
2031-11-05,35,0.0,error,error
2031-11-05,45,0.0,error,error
2031-11-05,55,0.0,error,error
2031-11-05,64,0.0,error,error
2031-11-05,-33,0.0,error,error
2031-11-05,-55,0.0,error,error
2008-11-26,0,0.0,error,error
2008-11-26,20,0.0,error,error
2008-11-26,35,0.0,error,error
2008-11-26,45,0.0,error,error
2008-11-26,55,0.0,error,error
2008-11-26,64,0.0,error,error
2008-11-26,-33,0.0,error,error
2008-11-26,-55,0.0,error,error
2003-07-19,0,0.0,error,error
2003-07-19,20,0.0,error,error
2003-07-19,35,0.0,error,error
2003-07-19,45,0.0,error,error
2003-07-19,55,0.0,error,error
2003-07-19,64,0.0,error,error
2003-07-19,-33,0.0,error,error
2003-07-19,-55,0.0,error,error
2038-07-28,0,0.0,error,error
2038-07-28,20,0.0,error,error
2038-07-28,35,0.0,error,error
2038-07-28,45,0.0,error,error
2038-07-28,55,0.0,error,error
2038-07-28,64,0.0,error,error
2038-07-28,-33,0.0,error,error
2038-07-28,-55,0.0,error,error
2048-03-08,0,0.0,error,error
2048-03-08,20,0.0,error,error
2048-03-08,35,0.0,error,error
2048-03-08,45,0.0,error,error
2048-03-08,55,0.0,error,error
2048-03-08,64,0.0,error,error
2048-03-08,-33,0.0,error,error
2048-03-08,-55,0.0,error,error
2011-09-04,0,0.0,error,error
2011-09-04,20,0.0,error,error
2011-09-04,35,0.0,error,error
2011-09-04,45,0.0,error,error
2011-09-04,55,0.0,error,error
2011-09-04,64,0.0,error,error
2011-09-04,-33,0.0,error,error
2011-09-04,-55,0.0,error,error
2033-08-24,0,0.0,error,error
2033-08-24,20,0.0,error,error
2033-08-24,35,0.0,error,error
2033-08-24,45,0.0,error,error
2033-08-24,55,0.0,error,error
2033-08-24,64,0.0,error,error
2033-08-24,-33,0.0,error,error
2033-08-24,-55,0.0,error,error
2026-10-04,0,0.0,error,error
2026-10-04,20,0.0,error,error
2026-10-04,35,0.0,error,error
2026-10-04,45,0.0,error,error
2026-10-04,55,0.0,error,error
2026-10-04,64,0.0,error,error
2026-10-04,-33,0.0,error,error
2026-10-04,-55,0.0,error,error
2007-10-18,0,0.0,error,error
2007-10-18,20,0.0,error,error
2007-10-18,35,0.0,error,error
2007-10-18,45,0.0,error,error
2007-10-18,55,0.0,error,error
2007-10-18,64,0.0,error,error
2007-10-18,-33,0.0,error,error
2007-10-18,-55,0.0,error,error
2030-02-13,0,0.0,error,error
2030-02-13,20,0.0,error,error
2030-02-13,35,0.0,error,error
2030-02-13,45,0.0,error,error
2030-02-13,55,0.0,error,error
2030-02-13,64,0.0,error,error
2030-02-13,-33,0.0,error,error
2030-02-13,-55,0.0,error,error
2013-02-15,0,0.0,error,error
2013-02-15,20,0.0,error,error
2013-02-15,35,0.0,error,error
2013-02-15,45,0.0,error,error
2013-02-15,55,0.0,error,error
2013-02-15,64,0.0,error,error
2013-02-15,-33,0.0,error,error
2013-02-15,-55,0.0,error,error
2023-04-02,0,0.0,error,error
2023-04-02,20,0.0,error,error
2023-04-02,35,0.0,error,error
2023-04-02,45,0.0,error,error
2023-04-02,55,0.0,error,error
2023-04-02,64,0.0,error,error
2023-04-02,-33,0.0,error,error
2023-04-02,-55,0.0,error,error
2004-11-11,0,0.0,error,error
2004-11-11,20,0.0,error,error
2004-11-11,35,0.0,error,error
2004-11-11,45,0.0,error,error
2004-11-11,55,0.0,error,error
2004-11-11,64,0.0,error,error
2004-11-11,-33,0.0,error,error
2004-11-11,-55,0.0,error,error
2024-11-04,0,0.0,error,error
2024-11-04,20,0.0,error,error
2024-11-04,35,0.0,error,error
2024-11-04,45,0.0,error,error
2024-11-04,55,0.0,error,error
2024-11-04,64,0.0,error,error
2024-11-04,-33,0.0,error,error
2024-11-04,-55,0.0,error,error
2022-06-12,0,0.0,error,error
2022-06-12,20,0.0,error,error
2022-06-12,35,0.0,error,error
2022-06-12,45,0.0,error,error
2022-06-12,55,0.0,error,error
2022-06-12,64,0.0,error,error
2022-06-12,-33,0.0,error,error
2022-06-12,-55,0.0,error,error
2003-11-29,0,0.0,error,error
2003-11-29,20,0.0,error,error
2003-11-29,35,0.0,error,error
2003-11-29,45,0.0,error,error
2003-11-29,55,0.0,error,error
2003-11-29,64,0.0,error,error
2003-11-29,-33,0.0,error,error
2003-11-29,-55,0.0,error,error
2005-04-05,0,0.0,error,error
2005-04-05,20,0.0,error,error
2005-04-05,35,0.0,error,error
2005-04-05,45,0.0,error,error
2005-04-05,55,0.0,error,error
2005-04-05,64,0.0,error,error
2005-04-05,-33,0.0,error,error
2005-04-05,-55,0.0,error,error
2024-07-21,0,0.0,error,error
2024-07-21,20,0.0,error,error
2024-07-21,35,0.0,error,error
2024-07-21,45,0.0,error,error
2024-07-21,55,0.0,error,error
2024-07-21,64,0.0,error,error
2024-07-21,-33,0.0,error,error
2024-07-21,-55,0.0,error,error
2048-11-21,0,0.0,error,error
2048-11-21,20,0.0,error,error
2048-11-21,35,0.0,error,error
2048-11-21,45,0.0,error,error
2048-11-21,55,0.0,error,error
2048-11-21,64,0.0,error,error
2048-11-21,-33,0.0,error,error
2048-11-21,-55,0.0,error,error
2019-12-27,0,0.0,error,error
2019-12-27,20,0.0,error,error
2019-12-27,35,0.0,error,error
2019-12-27,45,0.0,error,error
2019-12-27,55,0.0,error,error
2019-12-27,64,0.0,error,error
2019-12-27,-33,0.0,error,error
2019-12-27,-55,0.0,error,error
2003-02-24,0,0.0,error,error
2003-02-24,20,0.0,error,error
2003-02-24,35,0.0,error,error
2003-02-24,45,0.0,error,error
2003-02-24,55,0.0,error,error
2003-02-24,64,0.0,error,error
2003-02-24,-33,0.0,error,error
2003-02-24,-55,0.0,error,error
2039-12-13,0,0.0,error,error
2039-12-13,20,0.0,error,error
2039-12-13,35,0.0,error,error
2039-12-13,45,0.0,error,error
2039-12-13,55,0.0,error,error
2039-12-13,64,0.0,error,error
2039-12-13,-33,0.0,error,error
2039-12-13,-55,0.0,error,error
2027-05-14,0,0.0,error,error
2027-05-14,20,0.0,error,error
2027-05-14,35,0.0,error,error
2027-05-14,45,0.0,error,error
2027-05-14,55,0.0,error,error
2027-05-14,64,0.0,error,error
2027-05-14,-33,0.0,error,error
2027-05-14,-55,0.0,error,error
2012-02-22,0,0.0,error,error
2012-02-22,20,0.0,error,error
2012-02-22,35,0.0,error,error
2012-02-22,45,0.0,error,error
2012-02-22,55,0.0,error,error
2012-02-22,64,0.0,error,error
2012-02-22,-33,0.0,error,error
2012-02-22,-55,0.0,error,error
2034-06-07,0,0.0,error,error
2034-06-07,20,0.0,error,error
2034-06-07,35,0.0,error,error
2034-06-07,45,0.0,error,error
2034-06-07,55,0.0,error,error
2034-06-07,64,0.0,error,error
2034-06-07,-33,0.0,error,error
2034-06-07,-55,0.0,error,error
2005-10-02,0,0.0,error,error
2005-10-02,20,0.0,error,error
2005-10-02,35,0.0,error,error
2005-10-02,45,0.0,error,error
2005-10-02,55,0.0,error,error
2005-10-02,64,0.0,error,error
2005-10-02,-33,0.0,error,error
2005-10-02,-55,0.0,error,error
2018-02-24,0,0.0,error,error
2018-02-24,20,0.0,error,error
2018-02-24,35,0.0,error,error
2018-02-24,45,0.0,error,error
2018-02-24,55,0.0,error,error
2018-02-24,64,0.0,error,error
2018-02-24,-33,0.0,error,error
2018-02-24,-55,0.0,error,error
2014-03-15,0,0.0,error,error
2014-03-15,20,0.0,error,error
2014-03-15,35,0.0,error,error
2014-03-15,45,0.0,error,error
2014-03-15,55,0.0,error,error
2014-03-15,64,0.0,error,error
2014-03-15,-33,0.0,error,error
2014-03-15,-55,0.0,error,error
2040-05-26,0,0.0,error,error
2040-05-26,20,0.0,error,error
2040-05-26,35,0.0,error,error
2040-05-26,45,0.0,error,error
2040-05-26,55,0.0,error,error
2040-05-26,64,0.0,error,error
2040-05-26,-33,0.0,error,error
2040-05-26,-55,0.0,error,error
2047-10-19,0,0.0,error,error
2047-10-19,20,0.0,error,error
2047-10-19,35,0.0,error,error
2047-10-19,45,0.0,error,error
2047-10-19,55,0.0,error,error
2047-10-19,64,0.0,error,error
2047-10-19,-33,0.0,error,error
2047-10-19,-55,0.0,error,error
2048-09-26,0,0.0,error,error
2048-09-26,20,0.0,error,error
2048-09-26,35,0.0,error,error
2048-09-26,45,0.0,error,error
2048-09-26,55,0.0,error,error
2048-09-26,64,0.0,error,error
2048-09-26,-33,0.0,error,error
2048-09-26,-55,0.0,error,error
2009-11-19,0,0.0,error,error
2009-11-19,20,0.0,error,error
2009-11-19,35,0.0,error,error
2009-11-19,45,0.0,error,error
2009-11-19,55,0.0,error,error
2009-11-19,64,0.0,error,error
2009-11-19,-33,0.0,error,error
2009-11-19,-55,0.0,error,error
2044-03-16,0,0.0,error,error
2044-03-16,20,0.0,error,error
2044-03-16,35,0.0,error,error
2044-03-16,45,0.0,error,error
2044-03-16,55,0.0,error,error
2044-03-16,64,0.0,error,error
2044-03-16,-33,0.0,error,error
2044-03-16,-55,0.0,error,error
2045-02-12,0,0.0,error,error
2045-02-12,20,0.0,error,error
2045-02-12,35,0.0,error,error
2045-02-12,45,0.0,error,error
2045-02-12,55,0.0,error,error
2045-02-12,64,0.0,error,error
2045-02-12,-33,0.0,error,error
2045-02-12,-55,0.0,error,error
2010-02-21,0,0.0,error,error
2010-02-21,20,0.0,error,error
2010-02-21,35,0.0,error,error
2010-02-21,45,0.0,error,error
2010-02-21,55,0.0,error,error
2010-02-21,64,0.0,error,error
2010-02-21,-33,0.0,error,error
2010-02-21,-55,0.0,error,error
2022-09-09,0,0.0,error,error
2022-09-09,20,0.0,error,error
2022-09-09,35,0.0,error,error
2022-09-09,45,0.0,error,error
2022-09-09,55,0.0,error,error
2022-09-09,64,0.0,error,error
2022-09-09,-33,0.0,error,error
2022-09-09,-55,0.0,error,error
2033-03-06,0,0.0,error,error
2033-03-06,20,0.0,error,error
2033-03-06,35,0.0,error,error
2033-03-06,45,0.0,error,error
2033-03-06,55,0.0,error,error
2033-03-06,64,0.0,error,error
2033-03-06,-33,0.0,error,error
2033-03-06,-55,0.0,error,error
2004-05-29,0,0.0,error,error
2004-05-29,20,0.0,error,error
2004-05-29,35,0.0,error,error
2004-05-29,45,0.0,error,error
2004-05-29,55,0.0,error,error
2004-05-29,64,0.0,error,error
2004-05-29,-33,0.0,error,error
2004-05-29,-55,0.0,error,error
2043-05-08,0,0.0,error,error
2043-05-08,20,0.0,error,error
2043-05-08,35,0.0,error,error
2043-05-08,45,0.0,error,error
2043-05-08,55,0.0,error,error
2043-05-08,64,0.0,error,error
2043-05-08,-33,0.0,error,error
2043-05-08,-55,0.0,error,error
2021-10-07,0,0.0,error,error
2021-10-07,20,0.0,error,error
2021-10-07,35,0.0,error,error
2021-10-07,45,0.0,error,error
2021-10-07,55,0.0,error,error
2021-10-07,64,0.0,error,error
2021-10-07,-33,0.0,error,error
2021-10-07,-55,0.0,error,error
2012-01-14,0,0.0,error,error
2012-01-14,20,0.0,error,error
2012-01-14,35,0.0,error,error
2012-01-14,45,0.0,error,error
2012-01-14,55,0.0,error,error
2012-01-14,64,0.0,error,error
2012-01-14,-33,0.0,error,error
2012-01-14,-55,0.0,error,error
2042-04-27,0,0.0,error,error
2042-04-27,20,0.0,error,error
2042-04-27,35,0.0,error,error
2042-04-27,45,0.0,error,error
2042-04-27,55,0.0,error,error
2042-04-27,64,0.0,error,error
2042-04-27,-33,0.0,error,error
2042-04-27,-55,0.0,error,error
2043-07-10,0,0.0,error,error
2043-07-10,20,0.0,error,error
2043-07-10,35,0.0,error,error
2043-07-10,45,0.0,error,error
2043-07-10,55,0.0,error,error
2043-07-10,64,0.0,error,error
2043-07-10,-33,0.0,error,error
2043-07-10,-55,0.0,error,error
2027-12-13,0,0.0,error,error
2027-12-13,20,0.0,error,error
2027-12-13,35,0.0,error,error
2027-12-13,45,0.0,error,error
2027-12-13,55,0.0,error,error
2027-12-13,64,0.0,error,error
2027-12-13,-33,0.0,error,error
2027-12-13,-55,0.0,error,error
2015-05-03,0,0.0,error,error
2015-05-03,20,0.0,error,error
2015-05-03,35,0.0,error,error
2015-05-03,45,0.0,error,error
2015-05-03,55,0.0,error,error
2015-05-03,64,0.0,error,error
2015-05-03,-33,0.0,error,error
2015-05-03,-55,0.0,error,error
2050-05-11,0,0.0,error,error
2050-05-11,20,0.0,error,error
2050-05-11,35,0.0,error,error
2050-05-11,45,0.0,error,error
2050-05-11,55,0.0,error,error
2050-05-11,64,0.0,error,error
2050-05-11,-33,0.0,error,error
2050-05-11,-55,0.0,error,error
2013-11-18,0,0.0,error,error
2013-11-18,20,0.0,error,error
2013-11-18,35,0.0,error,error
2013-11-18,45,0.0,error,error
2013-11-18,55,0.0,error,error
2013-11-18,64,0.0,error,error
2013-11-18,-33,0.0,error,error
2013-11-18,-55,0.0,error,error
2021-12-19,0,0.0,error,error
2021-12-19,20,0.0,error,error
2021-12-19,35,0.0,error,error
2021-12-19,45,0.0,error,error
2021-12-19,55,0.0,error,error
2021-12-19,64,0.0,error,error
2021-12-19,-33,0.0,error,error
2021-12-19,-55,0.0,error,error
2011-11-15,0,0.0,error,error
2011-11-15,20,0.0,error,error
2011-11-15,35,0.0,error,error
2011-11-15,45,0.0,error,error
2011-11-15,55,0.0,error,error
2011-11-15,64,0.0,error,error
2011-11-15,-33,0.0,error,error
2011-11-15,-55,0.0,error,error
2013-06-26,0,0.0,error,error
2013-06-26,20,0.0,error,error
2013-06-26,35,0.0,error,error
2013-06-26,45,0.0,error,error
2013-06-26,55,0.0,error,error
2013-06-26,64,0.0,error,error
2013-06-26,-33,0.0,error,error
2013-06-26,-55,0.0,error,error
2024-03-26,0,0.0,error,error
2024-03-26,20,0.0,error,error
2024-03-26,35,0.0,error,error
2024-03-26,45,0.0,error,error
2024-03-26,55,0.0,error,error
2024-03-26,64,0.0,error,error
2024-03-26,-33,0.0,error,error
2024-03-26,-55,0.0,error,error
2044-06-25,0,0.0,error,error
2044-06-25,20,0.0,error,error
2044-06-25,35,0.0,error,error
2044-06-25,45,0.0,error,error
2044-06-25,55,0.0,error,error
2044-06-25,64,0.0,error,error
2044-06-25,-33,0.0,error,error
2044-06-25,-55,0.0,error,error
2041-08-29,0,0.0,error,error
2041-08-29,20,0.0,error,error
2041-08-29,35,0.0,error,error
2041-08-29,45,0.0,error,error
2041-08-29,55,0.0,error,error
2041-08-29,64,0.0,error,error
2041-08-29,-33,0.0,error,error
2041-08-29,-55,0.0,error,error
2008-04-02,0,0.0,error,error
2008-04-02,20,0.0,error,error
2008-04-02,35,0.0,error,error
2008-04-02,45,0.0,error,error
2008-04-02,55,0.0,error,error
2008-04-02,64,0.0,error,error
2008-04-02,-33,0.0,error,error
2008-04-02,-55,0.0,error,error
2027-08-31,0,0.0,error,error
2027-08-31,20,0.0,error,error
2027-08-31,35,0.0,error,error
2027-08-31,45,0.0,error,error
2027-08-31,55,0.0,error,error
2027-08-31,64,0.0,error,error
2027-08-31,-33,0.0,error,error
2027-08-31,-55,0.0,error,error
2029-02-16,0,0.0,error,error
2029-02-16,20,0.0,error,error
2029-02-16,35,0.0,error,error
2029-02-16,45,0.0,error,error
2029-02-16,55,0.0,error,error
2029-02-16,64,0.0,error,error
2029-02-16,-33,0.0,error,error
2029-02-16,-55,0.0,error,error
2006-10-02,0,0.0,error,error
2006-10-02,20,0.0,error,error
2006-10-02,35,0.0,error,error
2006-10-02,45,0.0,error,error
2006-10-02,55,0.0,error,error
2006-10-02,64,0.0,error,error
2006-10-02,-33,0.0,error,error
2006-10-02,-55,0.0,error,error
2043-01-15,0,0.0,error,error
2043-01-15,20,0.0,error,error
2043-01-15,35,0.0,error,error
2043-01-15,45,0.0,error,error
2043-01-15,55,0.0,error,error
2043-01-15,64,0.0,error,error
2043-01-15,-33,0.0,error,error
2043-01-15,-55,0.0,error,error
2024-03-03,0,0.0,error,error
2024-03-03,20,0.0,error,error
2024-03-03,35,0.0,error,error
2024-03-03,45,0.0,error,error
2024-03-03,55,0.0,error,error
2024-03-03,64,0.0,error,error
2024-03-03,-33,0.0,error,error
2024-03-03,-55,0.0,error,error
2013-08-04,0,0.0,error,error
2013-08-04,20,0.0,error,error
2013-08-04,35,0.0,error,error
2013-08-04,45,0.0,error,error
2013-08-04,55,0.0,error,error
2013-08-04,64,0.0,error,error
2013-08-04,-33,0.0,error,error
2013-08-04,-55,0.0,error,error
2008-05-06,0,0.0,error,error
2008-05-06,20,0.0,error,error
2008-05-06,35,0.0,error,error
2008-05-06,45,0.0,error,error
2008-05-06,55,0.0,error,error
2008-05-06,64,0.0,error,error
2008-05-06,-33,0.0,error,error
2008-05-06,-55,0.0,error,error
2011-07-10,0,0.0,error,error
2011-07-10,20,0.0,error,error
2011-07-10,35,0.0,error,error
2011-07-10,45,0.0,error,error
2011-07-10,55,0.0,error,error
2011-07-10,64,0.0,error,error
2011-07-10,-33,0.0,error,error
2011-07-10,-55,0.0,error,error
2016-05-06,0,0.0,error,error
2016-05-06,20,0.0,error,error
2016-05-06,35,0.0,error,error
2016-05-06,45,0.0,error,error
2016-05-06,55,0.0,error,error
2016-05-06,64,0.0,error,error
2016-05-06,-33,0.0,error,error
2016-05-06,-55,0.0,error,error
2014-02-06,0,0.0,error,error
2014-02-06,20,0.0,error,error
2014-02-06,35,0.0,error,error
2014-02-06,45,0.0,error,error
2014-02-06,55,0.0,error,error
2014-02-06,64,0.0,error,error
2014-02-06,-33,0.0,error,error
2014-02-06,-55,0.0,error,error
2038-03-23,0,0.0,error,error
2038-03-23,20,0.0,error,error
2038-03-23,35,0.0,error,error
2038-03-23,45,0.0,error,error
2038-03-23,55,0.0,error,error
2038-03-23,64,0.0,error,error
2038-03-23,-33,0.0,error,error
2038-03-23,-55,0.0,error,error
2049-07-15,0,0.0,error,error
2049-07-15,20,0.0,error,error
2049-07-15,35,0.0,error,error
2049-07-15,45,0.0,error,error
2049-07-15,55,0.0,error,error
2049-07-15,64,0.0,error,error
2049-07-15,-33,0.0,error,error
2049-07-15,-55,0.0,error,error
2009-06-04,0,0.0,error,error
2009-06-04,20,0.0,error,error
2009-06-04,35,0.0,error,error
2009-06-04,45,0.0,error,error
2009-06-04,55,0.0,error,error
2009-06-04,64,0.0,error,error
2009-06-04,-33,0.0,error,error
2009-06-04,-55,0.0,error,error
2031-04-30,0,0.0,error,error
2031-04-30,20,0.0,error,error
2031-04-30,35,0.0,error,error
2031-04-30,45,0.0,error,error
2031-04-30,55,0.0,error,error
2031-04-30,64,0.0,error,error
2031-04-30,-33,0.0,error,error
2031-04-30,-55,0.0,error,error
2045-06-19,0,0.0,error,error
2045-06-19,20,0.0,error,error
2045-06-19,35,0.0,error,error
2045-06-19,45,0.0,error,error
2045-06-19,55,0.0,error,error
2045-06-19,64,0.0,error,error
2045-06-19,-33,0.0,error,error
2045-06-19,-55,0.0,error,error
2047-11-27,0,0.0,error,error
2047-11-27,20,0.0,error,error
2047-11-27,35,0.0,error,error
2047-11-27,45,0.0,error,error
2047-11-27,55,0.0,error,error
2047-11-27,64,0.0,error,error
2047-11-27,-33,0.0,error,error
2047-11-27,-55,0.0,error,error
2047-01-18,0,0.0,error,error
2047-01-18,20,0.0,error,error
2047-01-18,35,0.0,error,error
2047-01-18,45,0.0,error,error
2047-01-18,55,0.0,error,error
2047-01-18,64,0.0,error,error
2047-01-18,-33,0.0,error,error
2047-01-18,-55,0.0,error,error
2009-06-24,0,0.0,error,error
2009-06-24,20,0.0,error,error
2009-06-24,35,0.0,error,error
2009-06-24,45,0.0,error,error
2009-06-24,55,0.0,error,error
2009-06-24,64,0.0,error,error
2009-06-24,-33,0.0,error,error
2009-06-24,-55,0.0,error,error
2035-07-13,0,0.0,error,error
2035-07-13,20,0.0,error,error
2035-07-13,35,0.0,error,error
2035-07-13,45,0.0,error,error
2035-07-13,55,0.0,error,error
2035-07-13,64,0.0,error,error
2035-07-13,-33,0.0,error,error
2035-07-13,-55,0.0,error,error
2038-10-17,0,0.0,error,error
2038-10-17,20,0.0,error,error
2038-10-17,35,0.0,error,error
2038-10-17,45,0.0,error,error
2038-10-17,55,0.0,error,error
2038-10-17,64,0.0,error,error
2038-10-17,-33,0.0,error,error
2038-10-17,-55,0.0,error,error
2009-05-25,0,0.0,error,error
2009-05-25,20,0.0,error,error
2009-05-25,35,0.0,error,error
2009-05-25,45,0.0,error,error
2009-05-25,55,0.0,error,error
2009-05-25,64,0.0,error,error
2009-05-25,-33,0.0,error,error
2009-05-25,-55,0.0,error,error
2005-01-18,0,0.0,error,error
2005-01-18,20,0.0,error,error
2005-01-18,35,0.0,error,error
2005-01-18,45,0.0,error,error
2005-01-18,55,0.0,error,error
2005-01-18,64,0.0,error,error
2005-01-18,-33,0.0,error,error
2005-01-18,-55,0.0,error,error
2005-08-08,0,0.0,error,error
2005-08-08,20,0.0,error,error
2005-08-08,35,0.0,error,error
2005-08-08,45,0.0,error,error
2005-08-08,55,0.0,error,error
2005-08-08,64,0.0,error,error
2005-08-08,-33,0.0,error,error
2005-08-08,-55,0.0,error,error
2000-10-27,0,0.0,error,error
2000-10-27,20,0.0,error,error
2000-10-27,35,0.0,error,error
2000-10-27,45,0.0,error,error
2000-10-27,55,0.0,error,error
2000-10-27,64,0.0,error,error
2000-10-27,-33,0.0,error,error
2000-10-27,-55,0.0,error,error
2023-06-08,0,0.0,error,error
2023-06-08,20,0.0,error,error
2023-06-08,35,0.0,error,error
2023-06-08,45,0.0,error,error
2023-06-08,55,0.0,error,error
2023-06-08,64,0.0,error,error
2023-06-08,-33,0.0,error,error
2023-06-08,-55,0.0,error,error
2033-11-10,0,0.0,error,error
2033-11-10,20,0.0,error,error
2033-11-10,35,0.0,error,error
2033-11-10,45,0.0,error,error
2033-11-10,55,0.0,error,error
2033-11-10,64,0.0,error,error
2033-11-10,-33,0.0,error,error
2033-11-10,-55,0.0,error,error
2029-06-21,0,0.0,error,error
2029-06-21,20,0.0,error,error
2029-06-21,35,0.0,error,error
2029-06-21,45,0.0,error,error
2029-06-21,55,0.0,error,error
2029-06-21,64,0.0,error,error
2029-06-21,-33,0.0,error,error
2029-06-21,-55,0.0,error,error
2033-02-19,0,0.0,error,error
2033-02-19,20,0.0,error,error
2033-02-19,35,0.0,error,error
2033-02-19,45,0.0,error,error
2033-02-19,55,0.0,error,error
2033-02-19,64,0.0,error,error
2033-02-19,-33,0.0,error,error
2033-02-19,-55,0.0,error,error
2043-11-25,0,0.0,error,error
2043-11-25,20,0.0,error,error
2043-11-25,35,0.0,error,error
2043-11-25,45,0.0,error,error
2043-11-25,55,0.0,error,error
2043-11-25,64,0.0,error,error
2043-11-25,-33,0.0,error,error
2043-11-25,-55,0.0,error,error
2043-09-20,0,0.0,error,error
2043-09-20,20,0.0,error,error
2043-09-20,35,0.0,error,error
2043-09-20,45,0.0,error,error
2043-09-20,55,0.0,error,error
2043-09-20,64,0.0,error,error
2043-09-20,-33,0.0,error,error
2043-09-20,-55,0.0,error,error
2015-03-26,0,0.0,error,error
2015-03-26,20,0.0,error,error
2015-03-26,35,0.0,error,error
2015-03-26,45,0.0,error,error
2015-03-26,55,0.0,error,error
2015-03-26,64,0.0,error,error
2015-03-26,-33,0.0,error,error
2015-03-26,-55,0.0,error,error
2036-04-28,0,0.0,error,error
2036-04-28,20,0.0,error,error
2036-04-28,35,0.0,error,error
2036-04-28,45,0.0,error,error
2036-04-28,55,0.0,error,error
2036-04-28,64,0.0,error,error
2036-04-28,-33,0.0,error,error
2036-04-28,-55,0.0,error,error
2031-05-19,0,0.0,error,error
2031-05-19,20,0.0,error,error
2031-05-19,35,0.0,error,error
2031-05-19,45,0.0,error,error
2031-05-19,55,0.0,error,error
2031-05-19,64,0.0,error,error
2031-05-19,-33,0.0,error,error
2031-05-19,-55,0.0,error,error
2021-07-07,0,0.0,error,error
2021-07-07,20,0.0,error,error
2021-07-07,35,0.0,error,error
2021-07-07,45,0.0,error,error
2021-07-07,55,0.0,error,error
2021-07-07,64,0.0,error,error
2021-07-07,-33,0.0,error,error
2021-07-07,-55,0.0,error,error
2034-08-10,0,0.0,error,error
2034-08-10,20,0.0,error,error
2034-08-10,35,0.0,error,error
2034-08-10,45,0.0,error,error
2034-08-10,55,0.0,error,error
2034-08-10,64,0.0,error,error
2034-08-10,-33,0.0,error,error
2034-08-10,-55,0.0,error,error
2003-11-26,0,0.0,error,error
2003-11-26,20,0.0,error,error
2003-11-26,35,0.0,error,error
2003-11-26,45,0.0,error,error
2003-11-26,55,0.0,error,error
2003-11-26,64,0.0,error,error
2003-11-26,-33,0.0,error,error
2003-11-26,-55,0.0,error,error
2039-03-01,0,0.0,error,error
2039-03-01,20,0.0,error,error
2039-03-01,35,0.0,error,error
2039-03-01,45,0.0,error,error
2039-03-01,55,0.0,error,error
2039-03-01,64,0.0,error,error
2039-03-01,-33,0.0,error,error
2039-03-01,-55,0.0,error,error
2024-01-09,0,0.0,error,error
2024-01-09,20,0.0,error,error
2024-01-09,35,0.0,error,error
2024-01-09,45,0.0,error,error
2024-01-09,55,0.0,error,error
2024-01-09,64,0.0,error,error
2024-01-09,-33,0.0,error,error
2024-01-09,-55,0.0,error,error
2031-06-30,0,0.0,error,error
2031-06-30,20,0.0,error,error
2031-06-30,35,0.0,error,error
2031-06-30,45,0.0,error,error
2031-06-30,55,0.0,error,error
2031-06-30,64,0.0,error,error
2031-06-30,-33,0.0,error,error
2031-06-30,-55,0.0,error,error
2012-09-15,0,0.0,error,error
2012-09-15,20,0.0,error,error
2012-09-15,35,0.0,error,error
2012-09-15,45,0.0,error,error
2012-09-15,55,0.0,error,error
2012-09-15,64,0.0,error,error
2012-09-15,-33,0.0,error,error
2012-09-15,-55,0.0,error,error
2013-12-18,0,0.0,error,error
2013-12-18,20,0.0,error,error
2013-12-18,35,0.0,error,error
2013-12-18,45,0.0,error,error
2013-12-18,55,0.0,error,error
2013-12-18,64,0.0,error,error
2013-12-18,-33,0.0,error,error
2013-12-18,-55,0.0,error,error
2037-05-23,0,0.0,error,error
2037-05-23,20,0.0,error,error
2037-05-23,35,0.0,error,error
2037-05-23,45,0.0,error,error
2037-05-23,55,0.0,error,error
2037-05-23,64,0.0,error,error
2037-05-23,-33,0.0,error,error
2037-05-23,-55,0.0,error,error
2044-11-07,0,0.0,error,error
2044-11-07,20,0.0,error,error
2044-11-07,35,0.0,error,error
2044-11-07,45,0.0,error,error
2044-11-07,55,0.0,error,error
2044-11-07,64,0.0,error,error
2044-11-07,-33,0.0,error,error
2044-11-07,-55,0.0,error,error
2014-05-22,0,0.0,error,error
2014-05-22,20,0.0,error,error
2014-05-22,35,0.0,error,error
2014-05-22,45,0.0,error,error
2014-05-22,55,0.0,error,error
2014-05-22,64,0.0,error,error
2014-05-22,-33,0.0,error,error
2014-05-22,-55,0.0,error,error
2035-09-05,0,0.0,error,error
2035-09-05,20,0.0,error,error
2035-09-05,35,0.0,error,error
2035-09-05,45,0.0,error,error
2035-09-05,55,0.0,error,error
2035-09-05,64,0.0,error,error
2035-09-05,-33,0.0,error,error
2035-09-05,-55,0.0,error,error
2049-04-03,0,0.0,error,error
2049-04-03,20,0.0,error,error
2049-04-03,35,0.0,error,error
2049-04-03,45,0.0,error,error
2049-04-03,55,0.0,error,error
2049-04-03,64,0.0,error,error
2049-04-03,-33,0.0,error,error
2049-04-03,-55,0.0,error,error
2044-05-15,0,0.0,error,error
2044-05-15,20,0.0,error,error
2044-05-15,35,0.0,error,error
2044-05-15,45,0.0,error,error
2044-05-15,55,0.0,error,error
2044-05-15,64,0.0,error,error
2044-05-15,-33,0.0,error,error
2044-05-15,-55,0.0,error,error
2049-01-10,0,0.0,error,error
2049-01-10,20,0.0,error,error
2049-01-10,35,0.0,error,error
2049-01-10,45,0.0,error,error
2049-01-10,55,0.0,error,error
2049-01-10,64,0.0,error,error
2049-01-10,-33,0.0,error,error
2049-01-10,-55,0.0,error,error
2018-02-07,0,0.0,error,error
2018-02-07,20,0.0,error,error
2018-02-07,35,0.0,error,error
2018-02-07,45,0.0,error,error
2018-02-07,55,0.0,error,error
2018-02-07,64,0.0,error,error
2018-02-07,-33,0.0,error,error
2018-02-07,-55,0.0,error,error
2008-01-27,0,0.0,error,error
2008-01-27,20,0.0,error,error
2008-01-27,35,0.0,error,error
2008-01-27,45,0.0,error,error
2008-01-27,55,0.0,error,error
2008-01-27,64,0.0,error,error
2008-01-27,-33,0.0,error,error
2008-01-27,-55,0.0,error,error
2012-04-04,0,0.0,error,error
2012-04-04,20,0.0,error,error
2012-04-04,35,0.0,error,error
2012-04-04,45,0.0,error,error
2012-04-04,55,0.0,error,error
2012-04-04,64,0.0,error,error
2012-04-04,-33,0.0,error,error
2012-04-04,-55,0.0,error,error
2042-05-26,0,0.0,error,error
2042-05-26,20,0.0,error,error
2042-05-26,35,0.0,error,error
2042-05-26,45,0.0,error,error
2042-05-26,55,0.0,error,error
2042-05-26,64,0.0,error,error
2042-05-26,-33,0.0,error,error
2042-05-26,-55,0.0,error,error
2011-06-21,0,0.0,error,error
2011-06-21,20,0.0,error,error
2011-06-21,35,0.0,error,error
2011-06-21,45,0.0,error,error
2011-06-21,55,0.0,error,error
2011-06-21,64,0.0,error,error
2011-06-21,-33,0.0,error,error
2011-06-21,-55,0.0,error,error
2050-06-24,0,0.0,error,error
2050-06-24,20,0.0,error,error
2050-06-24,35,0.0,error,error
2050-06-24,45,0.0,error,error
2050-06-24,55,0.0,error,error
2050-06-24,64,0.0,error,error
2050-06-24,-33,0.0,error,error
2050-06-24,-55,0.0,error,error
2021-02-02,0,0.0,error,error
2021-02-02,20,0.0,error,error
2021-02-02,35,0.0,error,error
2021-02-02,45,0.0,error,error
2021-02-02,55,0.0,error,error
2021-02-02,64,0.0,error,error
2021-02-02,-33,0.0,error,error
2021-02-02,-55,0.0,error,error
2034-10-31,0,0.0,error,error
2034-10-31,20,0.0,error,error
2034-10-31,35,0.0,error,error
2034-10-31,45,0.0,error,error
2034-10-31,55,0.0,error,error
2034-10-31,64,0.0,error,error
2034-10-31,-33,0.0,error,error
2034-10-31,-55,0.0,error,error
2010-07-20,0,0.0,error,error
2010-07-20,20,0.0,error,error
2010-07-20,35,0.0,error,error
2010-07-20,45,0.0,error,error
2010-07-20,55,0.0,error,error
2010-07-20,64,0.0,error,error
2010-07-20,-33,0.0,error,error
2010-07-20,-55,0.0,error,error
2042-05-24,0,0.0,error,error
2042-05-24,20,0.0,error,error
2042-05-24,35,0.0,error,error
2042-05-24,45,0.0,error,error
2042-05-24,55,0.0,error,error
2042-05-24,64,0.0,error,error
2042-05-24,-33,0.0,error,error
2042-05-24,-55,0.0,error,error
2049-12-03,0,0.0,error,error
2049-12-03,20,0.0,error,error
2049-12-03,35,0.0,error,error
2049-12-03,45,0.0,error,error
2049-12-03,55,0.0,error,error
2049-12-03,64,0.0,error,error
2049-12-03,-33,0.0,error,error
2049-12-03,-55,0.0,error,error
2030-05-21,0,0.0,error,error
2030-05-21,20,0.0,error,error
2030-05-21,35,0.0,error,error
2030-05-21,45,0.0,error,error
2030-05-21,55,0.0,error,error
2030-05-21,64,0.0,error,error
2030-05-21,-33,0.0,error,error
2030-05-21,-55,0.0,error,error
2006-05-02,0,0.0,error,error
2006-05-02,20,0.0,error,error
2006-05-02,35,0.0,error,error
2006-05-02,45,0.0,error,error
2006-05-02,55,0.0,error,error
2006-05-02,64,0.0,error,error
2006-05-02,-33,0.0,error,error
2006-05-02,-55,0.0,error,error
2033-12-06,0,0.0,error,error
2033-12-06,20,0.0,error,error
2033-12-06,35,0.0,error,error
2033-12-06,45,0.0,error,error
2033-12-06,55,0.0,error,error
2033-12-06,64,0.0,error,error
2033-12-06,-33,0.0,error,error
2033-12-06,-55,0.0,error,error
2014-11-14,0,0.0,error,error
2014-11-14,20,0.0,error,error
2014-11-14,35,0.0,error,error
2014-11-14,45,0.0,error,error
2014-11-14,55,0.0,error,error
2014-11-14,64,0.0,error,error
2014-11-14,-33,0.0,error,error
2014-11-14,-55,0.0,error,error
2024-06-20,0,0.0,error,error
2024-06-20,20,0.0,error,error
2024-06-20,35,0.0,error,error
2024-06-20,45,0.0,error,error
2024-06-20,55,0.0,error,error
2024-06-20,64,0.0,error,error
2024-06-20,-33,0.0,error,error
2024-06-20,-55,0.0,error,error
2033-12-24,0,0.0,error,error
2033-12-24,20,0.0,error,error
2033-12-24,35,0.0,error,error
2033-12-24,45,0.0,error,error
2033-12-24,55,0.0,error,error
2033-12-24,64,0.0,error,error
2033-12-24,-33,0.0,error,error
2033-12-24,-55,0.0,error,error
2006-03-24,0,0.0,error,error
2006-03-24,20,0.0,error,error
2006-03-24,35,0.0,error,error
2006-03-24,45,0.0,error,error
2006-03-24,55,0.0,error,error
2006-03-24,64,0.0,error,error
2006-03-24,-33,0.0,error,error
2006-03-24,-55,0.0,error,error
2048-04-14,0,0.0,error,error
2048-04-14,20,0.0,error,error
2048-04-14,35,0.0,error,error
2048-04-14,45,0.0,error,error
2048-04-14,55,0.0,error,error
2048-04-14,64,0.0,error,error
2048-04-14,-33,0.0,error,error
2048-04-14,-55,0.0,error,error
2025-06-22,0,0.0,error,error
2025-06-22,20,0.0,error,error
2025-06-22,35,0.0,error,error
2025-06-22,45,0.0,error,error
2025-06-22,55,0.0,error,error
2025-06-22,64,0.0,error,error
2025-06-22,-33,0.0,error,error
2025-06-22,-55,0.0,error,error
2009-03-12,0,0.0,error,error
2009-03-12,20,0.0,error,error
2009-03-12,35,0.0,error,error
2009-03-12,45,0.0,error,error
2009-03-12,55,0.0,error,error
2009-03-12,64,0.0,error,error
2009-03-12,-33,0.0,error,error
2009-03-12,-55,0.0,error,error
2010-11-02,0,0.0,error,error
2010-11-02,20,0.0,error,error
2010-11-02,35,0.0,error,error
2010-11-02,45,0.0,error,error
2010-11-02,55,0.0,error,error
2010-11-02,64,0.0,error,error
2010-11-02,-33,0.0,error,error
2010-11-02,-55,0.0,error,error
2017-12-05,0,0.0,error,error
2017-12-05,20,0.0,error,error
2017-12-05,35,0.0,error,error
2017-12-05,45,0.0,error,error
2017-12-05,55,0.0,error,error
2017-12-05,64,0.0,error,error
2017-12-05,-33,0.0,error,error
2017-12-05,-55,0.0,error,error
2037-08-25,0,0.0,error,error
2037-08-25,20,0.0,error,error
2037-08-25,35,0.0,error,error
2037-08-25,45,0.0,error,error
2037-08-25,55,0.0,error,error
2037-08-25,64,0.0,error,error
2037-08-25,-33,0.0,error,error
2037-08-25,-55,0.0,error,error
2049-09-06,0,0.0,error,error
2049-09-06,20,0.0,error,error
2049-09-06,35,0.0,error,error
2049-09-06,45,0.0,error,error
2049-09-06,55,0.0,error,error
2049-09-06,64,0.0,error,error
2049-09-06,-33,0.0,error,error
2049-09-06,-55,0.0,error,error
2043-05-03,0,0.0,error,error
2043-05-03,20,0.0,error,error
2043-05-03,35,0.0,error,error
2043-05-03,45,0.0,error,error
2043-05-03,55,0.0,error,error
2043-05-03,64,0.0,error,error
2043-05-03,-33,0.0,error,error
2043-05-03,-55,0.0,error,error
2029-07-30,0,0.0,error,error
2029-07-30,20,0.0,error,error
2029-07-30,35,0.0,error,error
2029-07-30,45,0.0,error,error
2029-07-30,55,0.0,error,error
2029-07-30,64,0.0,error,error
2029-07-30,-33,0.0,error,error
2029-07-30,-55,0.0,error,error
2037-01-19,0,0.0,error,error
2037-01-19,20,0.0,error,error
2037-01-19,35,0.0,error,error
2037-01-19,45,0.0,error,error
2037-01-19,55,0.0,error,error
2037-01-19,64,0.0,error,error
2037-01-19,-33,0.0,error,error
2037-01-19,-55,0.0,error,error
2000-05-02,0,0.0,error,error
2000-05-02,20,0.0,error,error
2000-05-02,35,0.0,error,error
2000-05-02,45,0.0,error,error
2000-05-02,55,0.0,error,error
2000-05-02,64,0.0,error,error
2000-05-02,-33,0.0,error,error
2000-05-02,-55,0.0,error,error
2032-11-24,0,0.0,error,error
2032-11-24,20,0.0,error,error
2032-11-24,35,0.0,error,error
2032-11-24,45,0.0,error,error
2032-11-24,55,0.0,error,error
2032-11-24,64,0.0,error,error
2032-11-24,-33,0.0,error,error
2032-11-24,-55,0.0,error,error
2041-06-30,0,0.0,error,error
2041-06-30,20,0.0,error,error
2041-06-30,35,0.0,error,error
2041-06-30,45,0.0,error,error
2041-06-30,55,0.0,error,error
2041-06-30,64,0.0,error,error
2041-06-30,-33,0.0,error,error
2041-06-30,-55,0.0,error,error
2026-12-31,0,0.0,error,error
2026-12-31,20,0.0,error,error
2026-12-31,35,0.0,error,error
2026-12-31,45,0.0,error,error
2026-12-31,55,0.0,error,error
2026-12-31,64,0.0,error,error
2026-12-31,-33,0.0,error,error
2026-12-31,-55,0.0,error,error
2049-09-29,0,0.0,error,error
2049-09-29,20,0.0,error,error
2049-09-29,35,0.0,error,error
2049-09-29,45,0.0,error,error
2049-09-29,55,0.0,error,error
2049-09-29,64,0.0,error,error
2049-09-29,-33,0.0,error,error
2049-09-29,-55,0.0,error,error
2011-01-18,0,0.0,error,error
2011-01-18,20,0.0,error,error
2011-01-18,35,0.0,error,error
2011-01-18,45,0.0,error,error
2011-01-18,55,0.0,error,error
2011-01-18,64,0.0,error,error
2011-01-18,-33,0.0,error,error
2011-01-18,-55,0.0,error,error
2048-05-05,0,0.0,error,error
2048-05-05,20,0.0,error,error
2048-05-05,35,0.0,error,error
2048-05-05,45,0.0,error,error
2048-05-05,55,0.0,error,error
2048-05-05,64,0.0,error,error
2048-05-05,-33,0.0,error,error
2048-05-05,-55,0.0,error,error
2026-06-15,0,0.0,error,error
2026-06-15,20,0.0,error,error
2026-06-15,35,0.0,error,error
2026-06-15,45,0.0,error,error
2026-06-15,55,0.0,error,error
2026-06-15,64,0.0,error,error
2026-06-15,-33,0.0,error,error
2026-06-15,-55,0.0,error,error
2009-04-08,0,0.0,error,error
2009-04-08,20,0.0,error,error
2009-04-08,35,0.0,error,error
2009-04-08,45,0.0,error,error
2009-04-08,55,0.0,error,error
2009-04-08,64,0.0,error,error
2009-04-08,-33,0.0,error,error
2009-04-08,-55,0.0,error,error
2034-12-06,0,0.0,error,error
2034-12-06,20,0.0,error,error
2034-12-06,35,0.0,error,error
2034-12-06,45,0.0,error,error
2034-12-06,55,0.0,error,error
2034-12-06,64,0.0,error,error
2034-12-06,-33,0.0,error,error
2034-12-06,-55,0.0,error,error
2001-02-23,0,0.0,error,error
2001-02-23,20,0.0,error,error
2001-02-23,35,0.0,error,error
2001-02-23,45,0.0,error,error
2001-02-23,55,0.0,error,error
2001-02-23,64,0.0,error,error
2001-02-23,-33,0.0,error,error
2001-02-23,-55,0.0,error,error
2027-06-19,0,0.0,error,error
2027-06-19,20,0.0,error,error
2027-06-19,35,0.0,error,error
2027-06-19,45,0.0,error,error
2027-06-19,55,0.0,error,error
2027-06-19,64,0.0,error,error
2027-06-19,-33,0.0,error,error
2027-06-19,-55,0.0,error,error
2004-04-02,0,0.0,error,error
2004-04-02,20,0.0,error,error
2004-04-02,35,0.0,error,error
2004-04-02,45,0.0,error,error
2004-04-02,55,0.0,error,error
2004-04-02,64,0.0,error,error
2004-04-02,-33,0.0,error,error
2004-04-02,-55,0.0,error,error
2000-05-20,0,0.0,error,error
2000-05-20,20,0.0,error,error
2000-05-20,35,0.0,error,error
2000-05-20,45,0.0,error,error
2000-05-20,55,0.0,error,error
2000-05-20,64,0.0,error,error
2000-05-20,-33,0.0,error,error
2000-05-20,-55,0.0,error,error
2041-01-12,0,0.0,error,error
2041-01-12,20,0.0,error,error
2041-01-12,35,0.0,error,error
2041-01-12,45,0.0,error,error
2041-01-12,55,0.0,error,error
2041-01-12,64,0.0,error,error
2041-01-12,-33,0.0,error,error
2041-01-12,-55,0.0,error,error
2030-11-16,0,0.0,error,error
2030-11-16,20,0.0,error,error
2030-11-16,35,0.0,error,error
2030-11-16,45,0.0,error,error
2030-11-16,55,0.0,error,error
2030-11-16,64,0.0,error,error
2030-11-16,-33,0.0,error,error
2030-11-16,-55,0.0,error,error
2048-01-18,0,0.0,error,error
2048-01-18,20,0.0,error,error
2048-01-18,35,0.0,error,error
2048-01-18,45,0.0,error,error
2048-01-18,55,0.0,error,error
2048-01-18,64,0.0,error,error
2048-01-18,-33,0.0,error,error
2048-01-18,-55,0.0,error,error
2010-06-18,0,0.0,error,error
2010-06-18,20,0.0,error,error
2010-06-18,35,0.0,error,error
2010-06-18,45,0.0,error,error
2010-06-18,55,0.0,error,error
2010-06-18,64,0.0,error,error
2010-06-18,-33,0.0,error,error
2010-06-18,-55,0.0,error,error
2020-11-04,0,0.0,error,error
2020-11-04,20,0.0,error,error
2020-11-04,35,0.0,error,error
2020-11-04,45,0.0,error,error
2020-11-04,55,0.0,error,error
2020-11-04,64,0.0,error,error
2020-11-04,-33,0.0,error,error
2020-11-04,-55,0.0,error,error
2045-10-29,0,0.0,error,error
2045-10-29,20,0.0,error,error
2045-10-29,35,0.0,error,error
2045-10-29,45,0.0,error,error
2045-10-29,55,0.0,error,error
2045-10-29,64,0.0,error,error
2045-10-29,-33,0.0,error,error
2045-10-29,-55,0.0,error,error
2000-02-18,0,0.0,error,error
2000-02-18,20,0.0,error,error
2000-02-18,35,0.0,error,error
2000-02-18,45,0.0,error,error
2000-02-18,55,0.0,error,error
2000-02-18,64,0.0,error,error
2000-02-18,-33,0.0,error,error
2000-02-18,-55,0.0,error,error
2025-11-27,0,0.0,error,error
2025-11-27,20,0.0,error,error
2025-11-27,35,0.0,error,error
2025-11-27,45,0.0,error,error
2025-11-27,55,0.0,error,error
2025-11-27,64,0.0,error,error
2025-11-27,-33,0.0,error,error
2025-11-27,-55,0.0,error,error
2028-12-26,0,0.0,error,error
2028-12-26,20,0.0,error,error
2028-12-26,35,0.0,error,error
2028-12-26,45,0.0,error,error
2028-12-26,55,0.0,error,error
2028-12-26,64,0.0,error,error
2028-12-26,-33,0.0,error,error
2028-12-26,-55,0.0,error,error
2050-05-21,0,0.0,error,error
2050-05-21,20,0.0,error,error
2050-05-21,35,0.0,error,error
2050-05-21,45,0.0,error,error
2050-05-21,55,0.0,error,error
2050-05-21,64,0.0,error,error
2050-05-21,-33,0.0,error,error
2050-05-21,-55,0.0,error,error
2047-02-25,0,0.0,error,error
2047-02-25,20,0.0,error,error
2047-02-25,35,0.0,error,error
2047-02-25,45,0.0,error,error
2047-02-25,55,0.0,error,error
2047-02-25,64,0.0,error,error
2047-02-25,-33,0.0,error,error
2047-02-25,-55,0.0,error,error
2040-11-22,0,0.0,error,error
2040-11-22,20,0.0,error,error
2040-11-22,35,0.0,error,error
2040-11-22,45,0.0,error,error
2040-11-22,55,0.0,error,error
2040-11-22,64,0.0,error,error
2040-11-22,-33,0.0,error,error
2040-11-22,-55,0.0,error,error
2047-03-19,0,0.0,error,error
2047-03-19,20,0.0,error,error
2047-03-19,35,0.0,error,error
2047-03-19,45,0.0,error,error
2047-03-19,55,0.0,error,error
2047-03-19,64,0.0,error,error
2047-03-19,-33,0.0,error,error
2047-03-19,-55,0.0,error,error
2020-12-12,0,0.0,error,error
2020-12-12,20,0.0,error,error
2020-12-12,35,0.0,error,error
2020-12-12,45,0.0,error,error
2020-12-12,55,0.0,error,error
2020-12-12,64,0.0,error,error
2020-12-12,-33,0.0,error,error
2020-12-12,-55,0.0,error,error
2000-04-16,0,0.0,error,error
2000-04-16,20,0.0,error,error
2000-04-16,35,0.0,error,error
2000-04-16,45,0.0,error,error
2000-04-16,55,0.0,error,error
2000-04-16,64,0.0,error,error
2000-04-16,-33,0.0,error,error
2000-04-16,-55,0.0,error,error
2027-03-10,0,0.0,error,error
2027-03-10,20,0.0,error,error
2027-03-10,35,0.0,error,error
2027-03-10,45,0.0,error,error
2027-03-10,55,0.0,error,error
2027-03-10,64,0.0,error,error
2027-03-10,-33,0.0,error,error
2027-03-10,-55,0.0,error,error
2029-07-26,0,0.0,error,error
2029-07-26,20,0.0,error,error
2029-07-26,35,0.0,error,error
2029-07-26,45,0.0,error,error
2029-07-26,55,0.0,error,error
2029-07-26,64,0.0,error,error
2029-07-26,-33,0.0,error,error
2029-07-26,-55,0.0,error,error
2013-11-17,0,0.0,error,error
2013-11-17,20,0.0,error,error
2013-11-17,35,0.0,error,error
2013-11-17,45,0.0,error,error
2013-11-17,55,0.0,error,error
2013-11-17,64,0.0,error,error
2013-11-17,-33,0.0,error,error
2013-11-17,-55,0.0,error,error
2000-12-26,0,0.0,error,error
2000-12-26,20,0.0,error,error
2000-12-26,35,0.0,error,error
2000-12-26,45,0.0,error,error
2000-12-26,55,0.0,error,error
2000-12-26,64,0.0,error,error
2000-12-26,-33,0.0,error,error
2000-12-26,-55,0.0,error,error
2047-07-06,0,0.0,error,error
2047-07-06,20,0.0,error,error
2047-07-06,35,0.0,error,error
2047-07-06,45,0.0,error,error
2047-07-06,55,0.0,error,error
2047-07-06,64,0.0,error,error
2047-07-06,-33,0.0,error,error
2047-07-06,-55,0.0,error,error
2028-02-14,0,0.0,error,error
2028-02-14,20,0.0,error,error
2028-02-14,35,0.0,error,error
2028-02-14,45,0.0,error,error
2028-02-14,55,0.0,error,error
2028-02-14,64,0.0,error,error
2028-02-14,-33,0.0,error,error
2028-02-14,-55,0.0,error,error
2019-04-20,0,0.0,error,error
2019-04-20,20,0.0,error,error
2019-04-20,35,0.0,error,error
2019-04-20,45,0.0,error,error
2019-04-20,55,0.0,error,error
2019-04-20,64,0.0,error,error
2019-04-20,-33,0.0,error,error
2019-04-20,-55,0.0,error,error
2030-04-29,0,0.0,error,error
2030-04-29,20,0.0,error,error
2030-04-29,35,0.0,error,error
2030-04-29,45,0.0,error,error
2030-04-29,55,0.0,error,error
2030-04-29,64,0.0,error,error
2030-04-29,-33,0.0,error,error
2030-04-29,-55,0.0,error,error
2046-03-26,0,0.0,error,error
2046-03-26,20,0.0,error,error
2046-03-26,35,0.0,error,error
2046-03-26,45,0.0,error,error
2046-03-26,55,0.0,error,error
2046-03-26,64,0.0,error,error
2046-03-26,-33,0.0,error,error
2046-03-26,-55,0.0,error,error
2023-07-29,0,0.0,error,error
2023-07-29,20,0.0,error,error
2023-07-29,35,0.0,error,error
2023-07-29,45,0.0,error,error
2023-07-29,55,0.0,error,error
2023-07-29,64,0.0,error,error
2023-07-29,-33,0.0,error,error
2023-07-29,-55,0.0,error,error
2013-05-18,0,0.0,error,error
2013-05-18,20,0.0,error,error
2013-05-18,35,0.0,error,error
2013-05-18,45,0.0,error,error
2013-05-18,55,0.0,error,error
2013-05-18,64,0.0,error,error
2013-05-18,-33,0.0,error,error
2013-05-18,-55,0.0,error,error
2035-08-11,0,0.0,error,error
2035-08-11,20,0.0,error,error
2035-08-11,35,0.0,error,error
2035-08-11,45,0.0,error,error
2035-08-11,55,0.0,error,error
2035-08-11,64,0.0,error,error
2035-08-11,-33,0.0,error,error
2035-08-11,-55,0.0,error,error
2035-03-16,0,0.0,error,error
2035-03-16,20,0.0,error,error
2035-03-16,35,0.0,error,error
2035-03-16,45,0.0,error,error
2035-03-16,55,0.0,error,error
2035-03-16,64,0.0,error,error
2035-03-16,-33,0.0,error,error
2035-03-16,-55,0.0,error,error
2008-09-14,0,0.0,error,error
2008-09-14,20,0.0,error,error
2008-09-14,35,0.0,error,error
2008-09-14,45,0.0,error,error
2008-09-14,55,0.0,error,error
2008-09-14,64,0.0,error,error
2008-09-14,-33,0.0,error,error
2008-09-14,-55,0.0,error,error
2048-08-06,0,0.0,error,error
2048-08-06,20,0.0,error,error
2048-08-06,35,0.0,error,error
2048-08-06,45,0.0,error,error
2048-08-06,55,0.0,error,error
2048-08-06,64,0.0,error,error
2048-08-06,-33,0.0,error,error
2048-08-06,-55,0.0,error,error
2025-01-04,0,0.0,error,error
2025-01-04,20,0.0,error,error
2025-01-04,35,0.0,error,error
2025-01-04,45,0.0,error,error
2025-01-04,55,0.0,error,error
2025-01-04,64,0.0,error,error
2025-01-04,-33,0.0,error,error
2025-01-04,-55,0.0,error,error
2029-03-10,0,0.0,error,error
2029-03-10,20,0.0,error,error
2029-03-10,35,0.0,error,error
2029-03-10,45,0.0,error,error
2029-03-10,55,0.0,error,error
2029-03-10,64,0.0,error,error
2029-03-10,-33,0.0,error,error
2029-03-10,-55,0.0,error,error
2009-11-08,0,0.0,error,error
2009-11-08,20,0.0,error,error
2009-11-08,35,0.0,error,error
2009-11-08,45,0.0,error,error
2009-11-08,55,0.0,error,error
2009-11-08,64,0.0,error,error
2009-11-08,-33,0.0,error,error
2009-11-08,-55,0.0,error,error
2013-05-10,0,0.0,error,error
2013-05-10,20,0.0,error,error
2013-05-10,35,0.0,error,error
2013-05-10,45,0.0,error,error
2013-05-10,55,0.0,error,error
2013-05-10,64,0.0,error,error
2013-05-10,-33,0.0,error,error
2013-05-10,-55,0.0,error,error
2004-11-28,0,0.0,error,error
2004-11-28,20,0.0,error,error
2004-11-28,35,0.0,error,error
2004-11-28,45,0.0,error,error
2004-11-28,55,0.0,error,error
2004-11-28,64,0.0,error,error
2004-11-28,-33,0.0,error,error
2004-11-28,-55,0.0,error,error
2035-12-04,0,0.0,error,error
2035-12-04,20,0.0,error,error
2035-12-04,35,0.0,error,error
2035-12-04,45,0.0,error,error
2035-12-04,55,0.0,error,error
2035-12-04,64,0.0,error,error
2035-12-04,-33,0.0,error,error
2035-12-04,-55,0.0,error,error
2036-09-20,0,0.0,error,error
2036-09-20,20,0.0,error,error
2036-09-20,35,0.0,error,error
2036-09-20,45,0.0,error,error
2036-09-20,55,0.0,error,error
2036-09-20,64,0.0,error,error
2036-09-20,-33,0.0,error,error
2036-09-20,-55,0.0,error,error
2048-05-19,0,0.0,error,error
2048-05-19,20,0.0,error,error
2048-05-19,35,0.0,error,error
2048-05-19,45,0.0,error,error
2048-05-19,55,0.0,error,error
2048-05-19,64,0.0,error,error
2048-05-19,-33,0.0,error,error
2048-05-19,-55,0.0,error,error
2030-02-26,0,0.0,error,error
2030-02-26,20,0.0,error,error
2030-02-26,35,0.0,error,error
2030-02-26,45,0.0,error,error
2030-02-26,55,0.0,error,error
2030-02-26,64,0.0,error,error
2030-02-26,-33,0.0,error,error
2030-02-26,-55,0.0,error,error
2021-08-30,0,0.0,error,error
2021-08-30,20,0.0,error,error
2021-08-30,35,0.0,error,error
2021-08-30,45,0.0,error,error
2021-08-30,55,0.0,error,error
2021-08-30,64,0.0,error,error
2021-08-30,-33,0.0,error,error
2021-08-30,-55,0.0,error,error
2038-03-01,0,0.0,error,error
2038-03-01,20,0.0,error,error
2038-03-01,35,0.0,error,error
2038-03-01,45,0.0,error,error
2038-03-01,55,0.0,error,error
2038-03-01,64,0.0,error,error
2038-03-01,-33,0.0,error,error
2038-03-01,-55,0.0,error,error
2011-07-09,0,0.0,error,error
2011-07-09,20,0.0,error,error
2011-07-09,35,0.0,error,error
2011-07-09,45,0.0,error,error
2011-07-09,55,0.0,error,error
2011-07-09,64,0.0,error,error
2011-07-09,-33,0.0,error,error
2011-07-09,-55,0.0,error,error
2039-06-20,0,0.0,error,error
2039-06-20,20,0.0,error,error
2039-06-20,35,0.0,error,error
2039-06-20,45,0.0,error,error
2039-06-20,55,0.0,error,error
2039-06-20,64,0.0,error,error
2039-06-20,-33,0.0,error,error
2039-06-20,-55,0.0,error,error
2019-07-25,0,0.0,error,error
2019-07-25,20,0.0,error,error
2019-07-25,35,0.0,error,error
2019-07-25,45,0.0,error,error
2019-07-25,55,0.0,error,error
2019-07-25,64,0.0,error,error
2019-07-25,-33,0.0,error,error
2019-07-25,-55,0.0,error,error
2037-11-17,0,0.0,error,error
2037-11-17,20,0.0,error,error
2037-11-17,35,0.0,error,error
2037-11-17,45,0.0,error,error
2037-11-17,55,0.0,error,error
2037-11-17,64,0.0,error,error
2037-11-17,-33,0.0,error,error
2037-11-17,-55,0.0,error,error
2025-06-19,0,0.0,error,error
2025-06-19,20,0.0,error,error
2025-06-19,35,0.0,error,error
2025-06-19,45,0.0,error,error
2025-06-19,55,0.0,error,error
2025-06-19,64,0.0,error,error
2025-06-19,-33,0.0,error,error
2025-06-19,-55,0.0,error,error
2008-12-22,0,0.0,error,error
2008-12-22,20,0.0,error,error
2008-12-22,35,0.0,error,error
2008-12-22,45,0.0,error,error
2008-12-22,55,0.0,error,error
2008-12-22,64,0.0,error,error
2008-12-22,-33,0.0,error,error
2008-12-22,-55,0.0,error,error
2030-11-13,0,0.0,error,error
2030-11-13,20,0.0,error,error
2030-11-13,35,0.0,error,error
2030-11-13,45,0.0,error,error
2030-11-13,55,0.0,error,error
2030-11-13,64,0.0,error,error
2030-11-13,-33,0.0,error,error
2030-11-13,-55,0.0,error,error
2018-07-06,0,0.0,error,error
2018-07-06,20,0.0,error,error
2018-07-06,35,0.0,error,error
2018-07-06,45,0.0,error,error
2018-07-06,55,0.0,error,error
2018-07-06,64,0.0,error,error
2018-07-06,-33,0.0,error,error
2018-07-06,-55,0.0,error,error
2036-05-18,0,0.0,error,error
2036-05-18,20,0.0,error,error
2036-05-18,35,0.0,error,error
2036-05-18,45,0.0,error,error
2036-05-18,55,0.0,error,error
2036-05-18,64,0.0,error,error
2036-05-18,-33,0.0,error,error
2036-05-18,-55,0.0,error,error
2035-04-27,0,0.0,error,error
2035-04-27,20,0.0,error,error
2035-04-27,35,0.0,error,error
2035-04-27,45,0.0,error,error
2035-04-27,55,0.0,error,error
2035-04-27,64,0.0,error,error
2035-04-27,-33,0.0,error,error
2035-04-27,-55,0.0,error,error
2048-06-09,0,0.0,error,error
2048-06-09,20,0.0,error,error
2048-06-09,35,0.0,error,error
2048-06-09,45,0.0,error,error
2048-06-09,55,0.0,error,error
2048-06-09,64,0.0,error,error
2048-06-09,-33,0.0,error,error
2048-06-09,-55,0.0,error,error
2017-04-09,0,0.0,error,error
2017-04-09,20,0.0,error,error
2017-04-09,35,0.0,error,error
2017-04-09,45,0.0,error,error
2017-04-09,55,0.0,error,error
2017-04-09,64,0.0,error,error
2017-04-09,-33,0.0,error,error
2017-04-09,-55,0.0,error,error
2005-05-31,0,0.0,error,error
2005-05-31,20,0.0,error,error
2005-05-31,35,0.0,error,error
2005-05-31,45,0.0,error,error
2005-05-31,55,0.0,error,error
2005-05-31,64,0.0,error,error
2005-05-31,-33,0.0,error,error
2005-05-31,-55,0.0,error,error
2037-06-12,0,0.0,error,error
2037-06-12,20,0.0,error,error
2037-06-12,35,0.0,error,error
2037-06-12,45,0.0,error,error
2037-06-12,55,0.0,error,error
2037-06-12,64,0.0,error,error
2037-06-12,-33,0.0,error,error
2037-06-12,-55,0.0,error,error
2016-11-17,0,0.0,error,error
2016-11-17,20,0.0,error,error
2016-11-17,35,0.0,error,error
2016-11-17,45,0.0,error,error
2016-11-17,55,0.0,error,error
2016-11-17,64,0.0,error,error
2016-11-17,-33,0.0,error,error
2016-11-17,-55,0.0,error,error
2048-07-28,0,0.0,error,error
2048-07-28,20,0.0,error,error
2048-07-28,35,0.0,error,error
2048-07-28,45,0.0,error,error
2048-07-28,55,0.0,error,error
2048-07-28,64,0.0,error,error
2048-07-28,-33,0.0,error,error
2048-07-28,-55,0.0,error,error
2027-06-07,0,0.0,error,error
2027-06-07,20,0.0,error,error
2027-06-07,35,0.0,error,error
2027-06-07,45,0.0,error,error
2027-06-07,55,0.0,error,error
2027-06-07,64,0.0,error,error
2027-06-07,-33,0.0,error,error
2027-06-07,-55,0.0,error,error
2024-12-12,0,0.0,error,error
2024-12-12,20,0.0,error,error
2024-12-12,35,0.0,error,error
2024-12-12,45,0.0,error,error
2024-12-12,55,0.0,error,error
2024-12-12,64,0.0,error,error
2024-12-12,-33,0.0,error,error
2024-12-12,-55,0.0,error,error
2028-03-06,0,0.0,error,error
2028-03-06,20,0.0,error,error
2028-03-06,35,0.0,error,error
2028-03-06,45,0.0,error,error
2028-03-06,55,0.0,error,error
2028-03-06,64,0.0,error,error
2028-03-06,-33,0.0,error,error
2028-03-06,-55,0.0,error,error
2048-10-27,0,0.0,error,error
2048-10-27,20,0.0,error,error
2048-10-27,35,0.0,error,error
2048-10-27,45,0.0,error,error
2048-10-27,55,0.0,error,error
2048-10-27,64,0.0,error,error
2048-10-27,-33,0.0,error,error
2048-10-27,-55,0.0,error,error
2009-10-09,0,0.0,error,error
2009-10-09,20,0.0,error,error
2009-10-09,35,0.0,error,error
2009-10-09,45,0.0,error,error
2009-10-09,55,0.0,error,error
2009-10-09,64,0.0,error,error
2009-10-09,-33,0.0,error,error
2009-10-09,-55,0.0,error,error
2001-12-28,0,0.0,error,error
2001-12-28,20,0.0,error,error
2001-12-28,35,0.0,error,error
2001-12-28,45,0.0,error,error
2001-12-28,55,0.0,error,error
2001-12-28,64,0.0,error,error
2001-12-28,-33,0.0,error,error
2001-12-28,-55,0.0,error,error
2040-10-19,0,0.0,error,error
2040-10-19,20,0.0,error,error
2040-10-19,35,0.0,error,error
2040-10-19,45,0.0,error,error
2040-10-19,55,0.0,error,error
2040-10-19,64,0.0,error,error
2040-10-19,-33,0.0,error,error
2040-10-19,-55,0.0,error,error
2007-06-19,0,0.0,error,error
2007-06-19,20,0.0,error,error
2007-06-19,35,0.0,error,error
2007-06-19,45,0.0,error,error
2007-06-19,55,0.0,error,error
2007-06-19,64,0.0,error,error
2007-06-19,-33,0.0,error,error
2007-06-19,-55,0.0,error,error
2050-07-05,0,0.0,error,error
2050-07-05,20,0.0,error,error
2050-07-05,35,0.0,error,error
2050-07-05,45,0.0,error,error
2050-07-05,55,0.0,error,error
2050-07-05,64,0.0,error,error
2050-07-05,-33,0.0,error,error
2050-07-05,-55,0.0,error,error
2032-10-30,0,0.0,error,error
2032-10-30,20,0.0,error,error
2032-10-30,35,0.0,error,error
2032-10-30,45,0.0,error,error
2032-10-30,55,0.0,error,error
2032-10-30,64,0.0,error,error
2032-10-30,-33,0.0,error,error
2032-10-30,-55,0.0,error,error
2025-07-13,0,0.0,error,error
2025-07-13,20,0.0,error,error
2025-07-13,35,0.0,error,error
2025-07-13,45,0.0,error,error
2025-07-13,55,0.0,error,error
2025-07-13,64,0.0,error,error
2025-07-13,-33,0.0,error,error
2025-07-13,-55,0.0,error,error
2030-02-18,0,0.0,error,error
2030-02-18,20,0.0,error,error
2030-02-18,35,0.0,error,error
2030-02-18,45,0.0,error,error
2030-02-18,55,0.0,error,error
2030-02-18,64,0.0,error,error
2030-02-18,-33,0.0,error,error
2030-02-18,-55,0.0,error,error
2004-11-25,0,0.0,error,error
2004-11-25,20,0.0,error,error
2004-11-25,35,0.0,error,error
2004-11-25,45,0.0,error,error
2004-11-25,55,0.0,error,error
2004-11-25,64,0.0,error,error
2004-11-25,-33,0.0,error,error
2004-11-25,-55,0.0,error,error
2037-12-22,0,0.0,error,error
2037-12-22,20,0.0,error,error
2037-12-22,35,0.0,error,error
2037-12-22,45,0.0,error,error
2037-12-22,55,0.0,error,error
2037-12-22,64,0.0,error,error
2037-12-22,-33,0.0,error,error
2037-12-22,-55,0.0,error,error
2013-04-15,0,0.0,error,error
2013-04-15,20,0.0,error,error
2013-04-15,35,0.0,error,error
2013-04-15,45,0.0,error,error
2013-04-15,55,0.0,error,error
2013-04-15,64,0.0,error,error
2013-04-15,-33,0.0,error,error
2013-04-15,-55,0.0,error,error
2026-06-30,0,0.0,error,error
2026-06-30,20,0.0,error,error
2026-06-30,35,0.0,error,error
2026-06-30,45,0.0,error,error
2026-06-30,55,0.0,error,error
2026-06-30,64,0.0,error,error
2026-06-30,-33,0.0,error,error
2026-06-30,-55,0.0,error,error
2049-01-31,0,0.0,error,error
2049-01-31,20,0.0,error,error
2049-01-31,35,0.0,error,error
2049-01-31,45,0.0,error,error
2049-01-31,55,0.0,error,error
2049-01-31,64,0.0,error,error
2049-01-31,-33,0.0,error,error
2049-01-31,-55,0.0,error,error
2034-09-23,0,0.0,error,error
2034-09-23,20,0.0,error,error
2034-09-23,35,0.0,error,error
2034-09-23,45,0.0,error,error
2034-09-23,55,0.0,error,error
2034-09-23,64,0.0,error,error
2034-09-23,-33,0.0,error,error
2034-09-23,-55,0.0,error,error
2032-10-23,0,0.0,error,error
2032-10-23,20,0.0,error,error
2032-10-23,35,0.0,error,error
2032-10-23,45,0.0,error,error
2032-10-23,55,0.0,error,error
2032-10-23,64,0.0,error,error
2032-10-23,-33,0.0,error,error
2032-10-23,-55,0.0,error,error
2038-05-31,0,0.0,error,error
2038-05-31,20,0.0,error,error
2038-05-31,35,0.0,error,error
2038-05-31,45,0.0,error,error
2038-05-31,55,0.0,error,error
2038-05-31,64,0.0,error,error
2038-05-31,-33,0.0,error,error
2038-05-31,-55,0.0,error,error
2024-03-08,0,0.0,error,error
2024-03-08,20,0.0,error,error
2024-03-08,35,0.0,error,error
2024-03-08,45,0.0,error,error
2024-03-08,55,0.0,error,error
2024-03-08,64,0.0,error,error
2024-03-08,-33,0.0,error,error
2024-03-08,-55,0.0,error,error
2016-09-18,0,0.0,error,error
2016-09-18,20,0.0,error,error
2016-09-18,35,0.0,error,error
2016-09-18,45,0.0,error,error
2016-09-18,55,0.0,error,error
2016-09-18,64,0.0,error,error
2016-09-18,-33,0.0,error,error
2016-09-18,-55,0.0,error,error
2009-04-13,0,0.0,error,error
2009-04-13,20,0.0,error,error
2009-04-13,35,0.0,error,error
2009-04-13,45,0.0,error,error
2009-04-13,55,0.0,error,error
2009-04-13,64,0.0,error,error
2009-04-13,-33,0.0,error,error
2009-04-13,-55,0.0,error,error
2048-04-24,0,0.0,error,error
2048-04-24,20,0.0,error,error
2048-04-24,35,0.0,error,error
2048-04-24,45,0.0,error,error
2048-04-24,55,0.0,error,error
2048-04-24,64,0.0,error,error
2048-04-24,-33,0.0,error,error
2048-04-24,-55,0.0,error,error
2027-04-30,0,0.0,error,error
2027-04-30,20,0.0,error,error
2027-04-30,35,0.0,error,error
2027-04-30,45,0.0,error,error
2027-04-30,55,0.0,error,error
2027-04-30,64,0.0,error,error
2027-04-30,-33,0.0,error,error
2027-04-30,-55,0.0,error,error
2037-05-26,0,0.0,error,error
2037-05-26,20,0.0,error,error
2037-05-26,35,0.0,error,error
2037-05-26,45,0.0,error,error
2037-05-26,55,0.0,error,error
2037-05-26,64,0.0,error,error
2037-05-26,-33,0.0,error,error
2037-05-26,-55,0.0,error,error
2004-09-23,0,0.0,error,error
2004-09-23,20,0.0,error,error
2004-09-23,35,0.0,error,error
2004-09-23,45,0.0,error,error
2004-09-23,55,0.0,error,error
2004-09-23,64,0.0,error,error
2004-09-23,-33,0.0,error,error
2004-09-23,-55,0.0,error,error
2017-07-10,0,0.0,error,error
2017-07-10,20,0.0,error,error
2017-07-10,35,0.0,error,error
2017-07-10,45,0.0,error,error
2017-07-10,55,0.0,error,error
2017-07-10,64,0.0,error,error
2017-07-10,-33,0.0,error,error
2017-07-10,-55,0.0,error,error
2042-01-17,0,0.0,error,error
2042-01-17,20,0.0,error,error
2042-01-17,35,0.0,error,error
2042-01-17,45,0.0,error,error
2042-01-17,55,0.0,error,error
2042-01-17,64,0.0,error,error
2042-01-17,-33,0.0,error,error
2042-01-17,-55,0.0,error,error
2034-09-09,0,0.0,error,error
2034-09-09,20,0.0,error,error
2034-09-09,35,0.0,error,error
2034-09-09,45,0.0,error,error
2034-09-09,55,0.0,error,error
2034-09-09,64,0.0,error,error
2034-09-09,-33,0.0,error,error
2034-09-09,-55,0.0,error,error
2047-10-17,0,0.0,error,error
2047-10-17,20,0.0,error,error
2047-10-17,35,0.0,error,error
2047-10-17,45,0.0,error,error
2047-10-17,55,0.0,error,error
2047-10-17,64,0.0,error,error
2047-10-17,-33,0.0,error,error
2047-10-17,-55,0.0,error,error
2034-04-23,0,0.0,error,error
2034-04-23,20,0.0,error,error
2034-04-23,35,0.0,error,error
2034-04-23,45,0.0,error,error
2034-04-23,55,0.0,error,error
2034-04-23,64,0.0,error,error
2034-04-23,-33,0.0,error,error
2034-04-23,-55,0.0,error,error
2002-10-28,0,0.0,error,error
2002-10-28,20,0.0,error,error
2002-10-28,35,0.0,error,error
2002-10-28,45,0.0,error,error
2002-10-28,55,0.0,error,error
2002-10-28,64,0.0,error,error
2002-10-28,-33,0.0,error,error
2002-10-28,-55,0.0,error,error
2038-11-12,0,0.0,error,error
2038-11-12,20,0.0,error,error
2038-11-12,35,0.0,error,error
2038-11-12,45,0.0,error,error
2038-11-12,55,0.0,error,error
2038-11-12,64,0.0,error,error
2038-11-12,-33,0.0,error,error
2038-11-12,-55,0.0,error,error
2005-03-09,0,0.0,error,error
2005-03-09,20,0.0,error,error
2005-03-09,35,0.0,error,error
2005-03-09,45,0.0,error,error
2005-03-09,55,0.0,error,error
2005-03-09,64,0.0,error,error
2005-03-09,-33,0.0,error,error
2005-03-09,-55,0.0,error,error
2016-10-02,0,0.0,error,error
2016-10-02,20,0.0,error,error
2016-10-02,35,0.0,error,error
2016-10-02,45,0.0,error,error
2016-10-02,55,0.0,error,error
2016-10-02,64,0.0,error,error
2016-10-02,-33,0.0,error,error
2016-10-02,-55,0.0,error,error
2017-09-01,0,0.0,error,error
2017-09-01,20,0.0,error,error
2017-09-01,35,0.0,error,error
2017-09-01,45,0.0,error,error
2017-09-01,55,0.0,error,error
2017-09-01,64,0.0,error,error
2017-09-01,-33,0.0,error,error
2017-09-01,-55,0.0,error,error
2001-08-28,0,0.0,error,error
2001-08-28,20,0.0,error,error
2001-08-28,35,0.0,error,error
2001-08-28,45,0.0,error,error
2001-08-28,55,0.0,error,error
2001-08-28,64,0.0,error,error
2001-08-28,-33,0.0,error,error
2001-08-28,-55,0.0,error,error
2014-03-13,0,0.0,error,error
2014-03-13,20,0.0,error,error
2014-03-13,35,0.0,error,error
2014-03-13,45,0.0,error,error
2014-03-13,55,0.0,error,error
2014-03-13,64,0.0,error,error
2014-03-13,-33,0.0,error,error
2014-03-13,-55,0.0,error,error
2044-10-03,0,0.0,error,error
2044-10-03,20,0.0,error,error
2044-10-03,35,0.0,error,error
2044-10-03,45,0.0,error,error
2044-10-03,55,0.0,error,error
2044-10-03,64,0.0,error,error
2044-10-03,-33,0.0,error,error
2044-10-03,-55,0.0,error,error
2015-08-05,0,0.0,error,error
2015-08-05,20,0.0,error,error
2015-08-05,35,0.0,error,error
2015-08-05,45,0.0,error,error
2015-08-05,55,0.0,error,error
2015-08-05,64,0.0,error,error
2015-08-05,-33,0.0,error,error
2015-08-05,-55,0.0,error,error
2010-05-29,0,0.0,error,error
2010-05-29,20,0.0,error,error
2010-05-29,35,0.0,error,error
2010-05-29,45,0.0,error,error
2010-05-29,55,0.0,error,error
2010-05-29,64,0.0,error,error
2010-05-29,-33,0.0,error,error
2010-05-29,-55,0.0,error,error
2016-09-16,0,0.0,error,error
2016-09-16,20,0.0,error,error
2016-09-16,35,0.0,error,error
2016-09-16,45,0.0,error,error
2016-09-16,55,0.0,error,error
2016-09-16,64,0.0,error,error
2016-09-16,-33,0.0,error,error
2016-09-16,-55,0.0,error,error
2040-01-13,0,0.0,error,error
2040-01-13,20,0.0,error,error
2040-01-13,35,0.0,error,error
2040-01-13,45,0.0,error,error
2040-01-13,55,0.0,error,error
2040-01-13,64,0.0,error,error
2040-01-13,-33,0.0,error,error
2040-01-13,-55,0.0,error,error
2040-04-19,0,0.0,error,error
2040-04-19,20,0.0,error,error
2040-04-19,35,0.0,error,error
2040-04-19,45,0.0,error,error
2040-04-19,55,0.0,error,error
2040-04-19,64,0.0,error,error
2040-04-19,-33,0.0,error,error
2040-04-19,-55,0.0,error,error
2032-12-08,0,0.0,error,error
2032-12-08,20,0.0,error,error
2032-12-08,35,0.0,error,error
2032-12-08,45,0.0,error,error
2032-12-08,55,0.0,error,error
2032-12-08,64,0.0,error,error
2032-12-08,-33,0.0,error,error
2032-12-08,-55,0.0,error,error
2018-05-06,0,0.0,error,error
2018-05-06,20,0.0,error,error
2018-05-06,35,0.0,error,error
2018-05-06,45,0.0,error,error
2018-05-06,55,0.0,error,error
2018-05-06,64,0.0,error,error
2018-05-06,-33,0.0,error,error
2018-05-06,-55,0.0,error,error
2039-04-13,0,0.0,error,error
2039-04-13,20,0.0,error,error
2039-04-13,35,0.0,error,error
2039-04-13,45,0.0,error,error
2039-04-13,55,0.0,error,error
2039-04-13,64,0.0,error,error
2039-04-13,-33,0.0,error,error
2039-04-13,-55,0.0,error,error
2013-01-22,0,0.0,error,error
2013-01-22,20,0.0,error,error
2013-01-22,35,0.0,error,error
2013-01-22,45,0.0,error,error
2013-01-22,55,0.0,error,error
2013-01-22,64,0.0,error,error
2013-01-22,-33,0.0,error,error
2013-01-22,-55,0.0,error,error
2013-08-07,0,0.0,error,error
2013-08-07,20,0.0,error,error
2013-08-07,35,0.0,error,error
2013-08-07,45,0.0,error,error
2013-08-07,55,0.0,error,error
2013-08-07,64,0.0,error,error
2013-08-07,-33,0.0,error,error
2013-08-07,-55,0.0,error,error
2018-10-20,0,0.0,error,error
2018-10-20,20,0.0,error,error
2018-10-20,35,0.0,error,error
2018-10-20,45,0.0,error,error
2018-10-20,55,0.0,error,error
2018-10-20,64,0.0,error,error
2018-10-20,-33,0.0,error,error
2018-10-20,-55,0.0,error,error
2044-11-14,0,0.0,error,error
2044-11-14,20,0.0,error,error
2044-11-14,35,0.0,error,error
2044-11-14,45,0.0,error,error
2044-11-14,55,0.0,error,error
2044-11-14,64,0.0,error,error
2044-11-14,-33,0.0,error,error
2044-11-14,-55,0.0,error,error
2021-04-08,0,0.0,error,error
2021-04-08,20,0.0,error,error
2021-04-08,35,0.0,error,error
2021-04-08,45,0.0,error,error
2021-04-08,55,0.0,error,error
2021-04-08,64,0.0,error,error
2021-04-08,-33,0.0,error,error
2021-04-08,-55,0.0,error,error
2039-06-26,0,0.0,error,error
2039-06-26,20,0.0,error,error
2039-06-26,35,0.0,error,error
2039-06-26,45,0.0,error,error
2039-06-26,55,0.0,error,error
2039-06-26,64,0.0,error,error
2039-06-26,-33,0.0,error,error
2039-06-26,-55,0.0,error,error
2037-10-01,0,0.0,error,error
2037-10-01,20,0.0,error,error
2037-10-01,35,0.0,error,error
2037-10-01,45,0.0,error,error
2037-10-01,55,0.0,error,error
2037-10-01,64,0.0,error,error
2037-10-01,-33,0.0,error,error
2037-10-01,-55,0.0,error,error
2043-05-09,0,0.0,error,error
2043-05-09,20,0.0,error,error
2043-05-09,35,0.0,error,error
2043-05-09,45,0.0,error,error
2043-05-09,55,0.0,error,error
2043-05-09,64,0.0,error,error
2043-05-09,-33,0.0,error,error
2043-05-09,-55,0.0,error,error
2001-04-01,0,0.0,error,error
2001-04-01,20,0.0,error,error
2001-04-01,35,0.0,error,error
2001-04-01,45,0.0,error,error
2001-04-01,55,0.0,error,error
2001-04-01,64,0.0,error,error
2001-04-01,-33,0.0,error,error
2001-04-01,-55,0.0,error,error
2019-08-23,0,0.0,error,error
2019-08-23,20,0.0,error,error
2019-08-23,35,0.0,error,error
2019-08-23,45,0.0,error,error
2019-08-23,55,0.0,error,error
2019-08-23,64,0.0,error,error
2019-08-23,-33,0.0,error,error
2019-08-23,-55,0.0,error,error
2039-02-14,0,0.0,error,error
2039-02-14,20,0.0,error,error
2039-02-14,35,0.0,error,error
2039-02-14,45,0.0,error,error
2039-02-14,55,0.0,error,error
2039-02-14,64,0.0,error,error
2039-02-14,-33,0.0,error,error
2039-02-14,-55,0.0,error,error
2045-01-18,0,0.0,error,error
2045-01-18,20,0.0,error,error
2045-01-18,35,0.0,error,error
2045-01-18,45,0.0,error,error
2045-01-18,55,0.0,error,error
2045-01-18,64,0.0,error,error
2045-01-18,-33,0.0,error,error
2045-01-18,-55,0.0,error,error
2010-01-08,0,0.0,error,error
2010-01-08,20,0.0,error,error
2010-01-08,35,0.0,error,error
2010-01-08,45,0.0,error,error
2010-01-08,55,0.0,error,error
2010-01-08,64,0.0,error,error
2010-01-08,-33,0.0,error,error
2010-01-08,-55,0.0,error,error
2046-11-29,0,0.0,error,error
2046-11-29,20,0.0,error,error
2046-11-29,35,0.0,error,error
2046-11-29,45,0.0,error,error
2046-11-29,55,0.0,error,error
2046-11-29,64,0.0,error,error
2046-11-29,-33,0.0,error,error
2046-11-29,-55,0.0,error,error
2005-01-11,0,0.0,error,error
2005-01-11,20,0.0,error,error
2005-01-11,35,0.0,error,error
2005-01-11,45,0.0,error,error
2005-01-11,55,0.0,error,error
2005-01-11,64,0.0,error,error
2005-01-11,-33,0.0,error,error
2005-01-11,-55,0.0,error,error
2036-03-08,0,0.0,error,error
2036-03-08,20,0.0,error,error
2036-03-08,35,0.0,error,error
2036-03-08,45,0.0,error,error
2036-03-08,55,0.0,error,error
2036-03-08,64,0.0,error,error
2036-03-08,-33,0.0,error,error
2036-03-08,-55,0.0,error,error
2012-04-19,0,0.0,error,error
2012-04-19,20,0.0,error,error
2012-04-19,35,0.0,error,error
2012-04-19,45,0.0,error,error
2012-04-19,55,0.0,error,error
2012-04-19,64,0.0,error,error
2012-04-19,-33,0.0,error,error
2012-04-19,-55,0.0,error,error
2004-11-10,0,0.0,error,error
2004-11-10,20,0.0,error,error
2004-11-10,35,0.0,error,error
2004-11-10,45,0.0,error,error
2004-11-10,55,0.0,error,error
2004-11-10,64,0.0,error,error
2004-11-10,-33,0.0,error,error
2004-11-10,-55,0.0,error,error
2007-02-10,0,0.0,error,error
2007-02-10,20,0.0,error,error
2007-02-10,35,0.0,error,error
2007-02-10,45,0.0,error,error
2007-02-10,55,0.0,error,error
2007-02-10,64,0.0,error,error
2007-02-10,-33,0.0,error,error
2007-02-10,-55,0.0,error,error
2036-10-01,0,0.0,error,error
2036-10-01,20,0.0,error,error
2036-10-01,35,0.0,error,error
2036-10-01,45,0.0,error,error
2036-10-01,55,0.0,error,error
2036-10-01,64,0.0,error,error
2036-10-01,-33,0.0,error,error
2036-10-01,-55,0.0,error,error
2021-09-09,0,0.0,error,error
2021-09-09,20,0.0,error,error
2021-09-09,35,0.0,error,error
2021-09-09,45,0.0,error,error
2021-09-09,55,0.0,error,error
2021-09-09,64,0.0,error,error
2021-09-09,-33,0.0,error,error
2021-09-09,-55,0.0,error,error
2002-02-18,0,0.0,error,error
2002-02-18,20,0.0,error,error
2002-02-18,35,0.0,error,error
2002-02-18,45,0.0,error,error
2002-02-18,55,0.0,error,error
2002-02-18,64,0.0,error,error
2002-02-18,-33,0.0,error,error
2002-02-18,-55,0.0,error,error
2045-09-22,0,0.0,error,error
2045-09-22,20,0.0,error,error
2045-09-22,35,0.0,error,error
2045-09-22,45,0.0,error,error
2045-09-22,55,0.0,error,error
2045-09-22,64,0.0,error,error
2045-09-22,-33,0.0,error,error
2045-09-22,-55,0.0,error,error
2036-10-31,0,0.0,error,error
2036-10-31,20,0.0,error,error
2036-10-31,35,0.0,error,error
2036-10-31,45,0.0,error,error
2036-10-31,55,0.0,error,error
2036-10-31,64,0.0,error,error
2036-10-31,-33,0.0,error,error
2036-10-31,-55,0.0,error,error
2019-12-13,0,0.0,error,error
2019-12-13,20,0.0,error,error
2019-12-13,35,0.0,error,error
2019-12-13,45,0.0,error,error
2019-12-13,55,0.0,error,error
2019-12-13,64,0.0,error,error
2019-12-13,-33,0.0,error,error
2019-12-13,-55,0.0,error,error
2012-07-26,0,0.0,error,error
2012-07-26,20,0.0,error,error
2012-07-26,35,0.0,error,error
2012-07-26,45,0.0,error,error
2012-07-26,55,0.0,error,error
2012-07-26,64,0.0,error,error
2012-07-26,-33,0.0,error,error
2012-07-26,-55,0.0,error,error
2014-11-05,0,0.0,error,error
2014-11-05,20,0.0,error,error
2014-11-05,35,0.0,error,error
2014-11-05,45,0.0,error,error
2014-11-05,55,0.0,error,error
2014-11-05,64,0.0,error,error
2014-11-05,-33,0.0,error,error
2014-11-05,-55,0.0,error,error
2049-04-17,0,0.0,error,error
2049-04-17,20,0.0,error,error
2049-04-17,35,0.0,error,error
2049-04-17,45,0.0,error,error
2049-04-17,55,0.0,error,error
2049-04-17,64,0.0,error,error
2049-04-17,-33,0.0,error,error
2049-04-17,-55,0.0,error,error
2007-10-16,0,0.0,error,error
2007-10-16,20,0.0,error,error
2007-10-16,35,0.0,error,error
2007-10-16,45,0.0,error,error
2007-10-16,55,0.0,error,error
2007-10-16,64,0.0,error,error
2007-10-16,-33,0.0,error,error
2007-10-16,-55,0.0,error,error
2010-11-05,0,0.0,error,error
2010-11-05,20,0.0,error,error
2010-11-05,35,0.0,error,error
2010-11-05,45,0.0,error,error
2010-11-05,55,0.0,error,error
2010-11-05,64,0.0,error,error
2010-11-05,-33,0.0,error,error
2010-11-05,-55,0.0,error,error
2002-11-27,0,0.0,error,error
2002-11-27,20,0.0,error,error
2002-11-27,35,0.0,error,error
2002-11-27,45,0.0,error,error
2002-11-27,55,0.0,error,error
2002-11-27,64,0.0,error,error
2002-11-27,-33,0.0,error,error
2002-11-27,-55,0.0,error,error
2021-08-25,0,0.0,error,error
2021-08-25,20,0.0,error,error
2021-08-25,35,0.0,error,error
2021-08-25,45,0.0,error,error
2021-08-25,55,0.0,error,error
2021-08-25,64,0.0,error,error
2021-08-25,-33,0.0,error,error
2021-08-25,-55,0.0,error,error
2021-09-30,0,0.0,error,error
2021-09-30,20,0.0,error,error
2021-09-30,35,0.0,error,error
2021-09-30,45,0.0,error,error
2021-09-30,55,0.0,error,error
2021-09-30,64,0.0,error,error
2021-09-30,-33,0.0,error,error
2021-09-30,-55,0.0,error,error
2047-01-02,0,0.0,error,error
2047-01-02,20,0.0,error,error
2047-01-02,35,0.0,error,error
2047-01-02,45,0.0,error,error
2047-01-02,55,0.0,error,error
2047-01-02,64,0.0,error,error
2047-01-02,-33,0.0,error,error
2047-01-02,-55,0.0,error,error
2027-01-06,0,0.0,error,error
2027-01-06,20,0.0,error,error
2027-01-06,35,0.0,error,error
2027-01-06,45,0.0,error,error
2027-01-06,55,0.0,error,error
2027-01-06,64,0.0,error,error
2027-01-06,-33,0.0,error,error
2027-01-06,-55,0.0,error,error
2034-11-10,0,0.0,error,error
2034-11-10,20,0.0,error,error
2034-11-10,35,0.0,error,error
2034-11-10,45,0.0,error,error
2034-11-10,55,0.0,error,error
2034-11-10,64,0.0,error,error
2034-11-10,-33,0.0,error,error
2034-11-10,-55,0.0,error,error
2043-05-11,0,0.0,error,error
2043-05-11,20,0.0,error,error
2043-05-11,35,0.0,error,error
2043-05-11,45,0.0,error,error
2043-05-11,55,0.0,error,error
2043-05-11,64,0.0,error,error
2043-05-11,-33,0.0,error,error
2043-05-11,-55,0.0,error,error
2039-06-12,0,0.0,error,error
2039-06-12,20,0.0,error,error
2039-06-12,35,0.0,error,error
2039-06-12,45,0.0,error,error
2039-06-12,55,0.0,error,error
2039-06-12,64,0.0,error,error
2039-06-12,-33,0.0,error,error
2039-06-12,-55,0.0,error,error
2038-12-31,0,0.0,error,error
2038-12-31,20,0.0,error,error
2038-12-31,35,0.0,error,error
2038-12-31,45,0.0,error,error
2038-12-31,55,0.0,error,error
2038-12-31,64,0.0,error,error
2038-12-31,-33,0.0,error,error
2038-12-31,-55,0.0,error,error
2037-12-14,0,0.0,error,error
2037-12-14,20,0.0,error,error
2037-12-14,35,0.0,error,error
2037-12-14,45,0.0,error,error
2037-12-14,55,0.0,error,error
2037-12-14,64,0.0,error,error
2037-12-14,-33,0.0,error,error
2037-12-14,-55,0.0,error,error
2015-07-17,0,0.0,error,error
2015-07-17,20,0.0,error,error
2015-07-17,35,0.0,error,error
2015-07-17,45,0.0,error,error
2015-07-17,55,0.0,error,error
2015-07-17,64,0.0,error,error
2015-07-17,-33,0.0,error,error
2015-07-17,-55,0.0,error,error
2013-05-18,0,0.0,error,error
2013-05-18,20,0.0,error,error
2013-05-18,35,0.0,error,error
2013-05-18,45,0.0,error,error
2013-05-18,55,0.0,error,error
2013-05-18,64,0.0,error,error
2013-05-18,-33,0.0,error,error
2013-05-18,-55,0.0,error,error
2050-05-10,0,0.0,error,error
2050-05-10,20,0.0,error,error
2050-05-10,35,0.0,error,error
2050-05-10,45,0.0,error,error
2050-05-10,55,0.0,error,error
2050-05-10,64,0.0,error,error
2050-05-10,-33,0.0,error,error
2050-05-10,-55,0.0,error,error
2045-09-05,0,0.0,error,error
2045-09-05,20,0.0,error,error
2045-09-05,35,0.0,error,error
2045-09-05,45,0.0,error,error
2045-09-05,55,0.0,error,error
2045-09-05,64,0.0,error,error
2045-09-05,-33,0.0,error,error
2045-09-05,-55,0.0,error,error
2050-08-18,0,0.0,error,error
2050-08-18,20,0.0,error,error
2050-08-18,35,0.0,error,error
2050-08-18,45,0.0,error,error
2050-08-18,55,0.0,error,error
2050-08-18,64,0.0,error,error
2050-08-18,-33,0.0,error,error
2050-08-18,-55,0.0,error,error
2025-01-14,0,0.0,error,error
2025-01-14,20,0.0,error,error
2025-01-14,35,0.0,error,error
2025-01-14,45,0.0,error,error
2025-01-14,55,0.0,error,error
2025-01-14,64,0.0,error,error
2025-01-14,-33,0.0,error,error
2025-01-14,-55,0.0,error,error
2047-01-07,0,0.0,error,error
2047-01-07,20,0.0,error,error
2047-01-07,35,0.0,error,error
2047-01-07,45,0.0,error,error
2047-01-07,55,0.0,error,error
2047-01-07,64,0.0,error,error
2047-01-07,-33,0.0,error,error
2047-01-07,-55,0.0,error,error
2045-12-28,0,0.0,error,error
2045-12-28,20,0.0,error,error
2045-12-28,35,0.0,error,error
2045-12-28,45,0.0,error,error
2045-12-28,55,0.0,error,error
2045-12-28,64,0.0,error,error
2045-12-28,-33,0.0,error,error
2045-12-28,-55,0.0,error,error
2039-05-27,0,0.0,error,error
2039-05-27,20,0.0,error,error
2039-05-27,35,0.0,error,error
2039-05-27,45,0.0,error,error
2039-05-27,55,0.0,error,error
2039-05-27,64,0.0,error,error
2039-05-27,-33,0.0,error,error
2039-05-27,-55,0.0,error,error
2024-06-24,0,0.0,error,error
2024-06-24,20,0.0,error,error
2024-06-24,35,0.0,error,error
2024-06-24,45,0.0,error,error
2024-06-24,55,0.0,error,error
2024-06-24,64,0.0,error,error
2024-06-24,-33,0.0,error,error
2024-06-24,-55,0.0,error,error
2032-09-04,0,0.0,error,error
2032-09-04,20,0.0,error,error
2032-09-04,35,0.0,error,error
2032-09-04,45,0.0,error,error
2032-09-04,55,0.0,error,error
2032-09-04,64,0.0,error,error
2032-09-04,-33,0.0,error,error
2032-09-04,-55,0.0,error,error
2040-09-27,0,0.0,error,error
2040-09-27,20,0.0,error,error
2040-09-27,35,0.0,error,error
2040-09-27,45,0.0,error,error
2040-09-27,55,0.0,error,error
2040-09-27,64,0.0,error,error
2040-09-27,-33,0.0,error,error
2040-09-27,-55,0.0,error,error
2011-08-02,0,0.0,error,error
2011-08-02,20,0.0,error,error
2011-08-02,35,0.0,error,error
2011-08-02,45,0.0,error,error
2011-08-02,55,0.0,error,error
2011-08-02,64,0.0,error,error
2011-08-02,-33,0.0,error,error
2011-08-02,-55,0.0,error,error
2037-09-19,0,0.0,error,error
2037-09-19,20,0.0,error,error
2037-09-19,35,0.0,error,error
2037-09-19,45,0.0,error,error
2037-09-19,55,0.0,error,error
2037-09-19,64,0.0,error,error
2037-09-19,-33,0.0,error,error
2037-09-19,-55,0.0,error,error
2042-10-04,0,0.0,error,error
2042-10-04,20,0.0,error,error
2042-10-04,35,0.0,error,error
2042-10-04,45,0.0,error,error
2042-10-04,55,0.0,error,error
2042-10-04,64,0.0,error,error
2042-10-04,-33,0.0,error,error
2042-10-04,-55,0.0,error,error
2033-04-18,0,0.0,error,error
2033-04-18,20,0.0,error,error
2033-04-18,35,0.0,error,error
2033-04-18,45,0.0,error,error
2033-04-18,55,0.0,error,error
2033-04-18,64,0.0,error,error
2033-04-18,-33,0.0,error,error
2033-04-18,-55,0.0,error,error
2000-02-25,0,0.0,error,error
2000-02-25,20,0.0,error,error
2000-02-25,35,0.0,error,error
2000-02-25,45,0.0,error,error
2000-02-25,55,0.0,error,error
2000-02-25,64,0.0,error,error
2000-02-25,-33,0.0,error,error
2000-02-25,-55,0.0,error,error
2030-06-22,0,0.0,error,error
2030-06-22,20,0.0,error,error
2030-06-22,35,0.0,error,error
2030-06-22,45,0.0,error,error
2030-06-22,55,0.0,error,error
2030-06-22,64,0.0,error,error
2030-06-22,-33,0.0,error,error
2030-06-22,-55,0.0,error,error
2048-07-24,0,0.0,error,error
2048-07-24,20,0.0,error,error
2048-07-24,35,0.0,error,error
2048-07-24,45,0.0,error,error
2048-07-24,55,0.0,error,error
2048-07-24,64,0.0,error,error
2048-07-24,-33,0.0,error,error
2048-07-24,-55,0.0,error,error
2015-11-03,0,0.0,error,error
2015-11-03,20,0.0,error,error
2015-11-03,35,0.0,error,error
2015-11-03,45,0.0,error,error
2015-11-03,55,0.0,error,error
2015-11-03,64,0.0,error,error
2015-11-03,-33,0.0,error,error
2015-11-03,-55,0.0,error,error
2048-01-10,0,0.0,error,error
2048-01-10,20,0.0,error,error
2048-01-10,35,0.0,error,error
2048-01-10,45,0.0,error,error
2048-01-10,55,0.0,error,error
2048-01-10,64,0.0,error,error
2048-01-10,-33,0.0,error,error
2048-01-10,-55,0.0,error,error
2034-11-08,0,0.0,error,error
2034-11-08,20,0.0,error,error
2034-11-08,35,0.0,error,error
2034-11-08,45,0.0,error,error
2034-11-08,55,0.0,error,error
2034-11-08,64,0.0,error,error
2034-11-08,-33,0.0,error,error
2034-11-08,-55,0.0,error,error
2013-07-30,0,0.0,error,error
2013-07-30,20,0.0,error,error
2013-07-30,35,0.0,error,error
2013-07-30,45,0.0,error,error
2013-07-30,55,0.0,error,error
2013-07-30,64,0.0,error,error
2013-07-30,-33,0.0,error,error
2013-07-30,-55,0.0,error,error
2006-06-19,0,0.0,error,error
2006-06-19,20,0.0,error,error
2006-06-19,35,0.0,error,error
2006-06-19,45,0.0,error,error
2006-06-19,55,0.0,error,error
2006-06-19,64,0.0,error,error
2006-06-19,-33,0.0,error,error
2006-06-19,-55,0.0,error,error
2009-02-15,0,0.0,error,error
2009-02-15,20,0.0,error,error
2009-02-15,35,0.0,error,error
2009-02-15,45,0.0,error,error
2009-02-15,55,0.0,error,error
2009-02-15,64,0.0,error,error
2009-02-15,-33,0.0,error,error
2009-02-15,-55,0.0,error,error
2037-10-08,0,0.0,error,error
2037-10-08,20,0.0,error,error
2037-10-08,35,0.0,error,error
2037-10-08,45,0.0,error,error
2037-10-08,55,0.0,error,error
2037-10-08,64,0.0,error,error
2037-10-08,-33,0.0,error,error
2037-10-08,-55,0.0,error,error
2003-08-27,0,0.0,error,error
2003-08-27,20,0.0,error,error
2003-08-27,35,0.0,error,error
2003-08-27,45,0.0,error,error
2003-08-27,55,0.0,error,error
2003-08-27,64,0.0,error,error
2003-08-27,-33,0.0,error,error
2003-08-27,-55,0.0,error,error
2048-03-19,0,0.0,error,error
2048-03-19,20,0.0,error,error
2048-03-19,35,0.0,error,error
2048-03-19,45,0.0,error,error
2048-03-19,55,0.0,error,error
2048-03-19,64,0.0,error,error
2048-03-19,-33,0.0,error,error
2048-03-19,-55,0.0,error,error
2050-12-21,0,0.0,error,error
2050-12-21,20,0.0,error,error
2050-12-21,35,0.0,error,error
2050-12-21,45,0.0,error,error
2050-12-21,55,0.0,error,error
2050-12-21,64,0.0,error,error
2050-12-21,-33,0.0,error,error
2050-12-21,-55,0.0,error,error
2046-02-05,0,0.0,error,error
2046-02-05,20,0.0,error,error
2046-02-05,35,0.0,error,error
2046-02-05,45,0.0,error,error
2046-02-05,55,0.0,error,error
2046-02-05,64,0.0,error,error
2046-02-05,-33,0.0,error,error
2046-02-05,-55,0.0,error,error
2020-10-05,0,0.0,error,error
2020-10-05,20,0.0,error,error
2020-10-05,35,0.0,error,error
2020-10-05,45,0.0,error,error
2020-10-05,55,0.0,error,error
2020-10-05,64,0.0,error,error
2020-10-05,-33,0.0,error,error
2020-10-05,-55,0.0,error,error
2049-04-04,0,0.0,error,error
2049-04-04,20,0.0,error,error
2049-04-04,35,0.0,error,error
2049-04-04,45,0.0,error,error
2049-04-04,55,0.0,error,error
2049-04-04,64,0.0,error,error
2049-04-04,-33,0.0,error,error
2049-04-04,-55,0.0,error,error
2049-04-06,0,0.0,error,error
2049-04-06,20,0.0,error,error
2049-04-06,35,0.0,error,error
2049-04-06,45,0.0,error,error
2049-04-06,55,0.0,error,error
2049-04-06,64,0.0,error,error
2049-04-06,-33,0.0,error,error
2049-04-06,-55,0.0,error,error
2008-12-04,0,0.0,error,error
2008-12-04,20,0.0,error,error
2008-12-04,35,0.0,error,error
2008-12-04,45,0.0,error,error
2008-12-04,55,0.0,error,error
2008-12-04,64,0.0,error,error
2008-12-04,-33,0.0,error,error
2008-12-04,-55,0.0,error,error
2043-01-23,0,0.0,error,error
2043-01-23,20,0.0,error,error
2043-01-23,35,0.0,error,error
2043-01-23,45,0.0,error,error
2043-01-23,55,0.0,error,error
2043-01-23,64,0.0,error,error
2043-01-23,-33,0.0,error,error
2043-01-23,-55,0.0,error,error
2030-08-18,0,0.0,error,error
2030-08-18,20,0.0,error,error
2030-08-18,35,0.0,error,error
2030-08-18,45,0.0,error,error
2030-08-18,55,0.0,error,error
2030-08-18,64,0.0,error,error
2030-08-18,-33,0.0,error,error
2030-08-18,-55,0.0,error,error
2002-10-06,0,0.0,error,error
2002-10-06,20,0.0,error,error
2002-10-06,35,0.0,error,error
2002-10-06,45,0.0,error,error
2002-10-06,55,0.0,error,error
2002-10-06,64,0.0,error,error
2002-10-06,-33,0.0,error,error
2002-10-06,-55,0.0,error,error
2030-08-19,0,0.0,error,error
2030-08-19,20,0.0,error,error
2030-08-19,35,0.0,error,error
2030-08-19,45,0.0,error,error
2030-08-19,55,0.0,error,error
2030-08-19,64,0.0,error,error
2030-08-19,-33,0.0,error,error
2030-08-19,-55,0.0,error,error
2038-05-04,0,0.0,error,error
2038-05-04,20,0.0,error,error
2038-05-04,35,0.0,error,error
2038-05-04,45,0.0,error,error
2038-05-04,55,0.0,error,error
2038-05-04,64,0.0,error,error
2038-05-04,-33,0.0,error,error
2038-05-04,-55,0.0,error,error
2003-02-09,0,0.0,error,error
2003-02-09,20,0.0,error,error
2003-02-09,35,0.0,error,error
2003-02-09,45,0.0,error,error
2003-02-09,55,0.0,error,error
2003-02-09,64,0.0,error,error
2003-02-09,-33,0.0,error,error
2003-02-09,-55,0.0,error,error
2018-08-12,0,0.0,error,error
2018-08-12,20,0.0,error,error
2018-08-12,35,0.0,error,error
2018-08-12,45,0.0,error,error
2018-08-12,55,0.0,error,error
2018-08-12,64,0.0,error,error
2018-08-12,-33,0.0,error,error
2018-08-12,-55,0.0,error,error
2041-04-30,0,0.0,error,error
2041-04-30,20,0.0,error,error
2041-04-30,35,0.0,error,error
2041-04-30,45,0.0,error,error
2041-04-30,55,0.0,error,error
2041-04-30,64,0.0,error,error
2041-04-30,-33,0.0,error,error
2041-04-30,-55,0.0,error,error
2036-11-04,0,0.0,error,error
2036-11-04,20,0.0,error,error
2036-11-04,35,0.0,error,error
2036-11-04,45,0.0,error,error
2036-11-04,55,0.0,error,error
2036-11-04,64,0.0,error,error
2036-11-04,-33,0.0,error,error
2036-11-04,-55,0.0,error,error
2027-02-21,0,0.0,error,error
2027-02-21,20,0.0,error,error
2027-02-21,35,0.0,error,error
2027-02-21,45,0.0,error,error
2027-02-21,55,0.0,error,error
2027-02-21,64,0.0,error,error
2027-02-21,-33,0.0,error,error
2027-02-21,-55,0.0,error,error
2035-05-04,0,0.0,error,error
2035-05-04,20,0.0,error,error
2035-05-04,35,0.0,error,error
2035-05-04,45,0.0,error,error
2035-05-04,55,0.0,error,error
2035-05-04,64,0.0,error,error
2035-05-04,-33,0.0,error,error
2035-05-04,-55,0.0,error,error
2039-09-08,0,0.0,error,error
2039-09-08,20,0.0,error,error
2039-09-08,35,0.0,error,error
2039-09-08,45,0.0,error,error
2039-09-08,55,0.0,error,error
2039-09-08,64,0.0,error,error
2039-09-08,-33,0.0,error,error
2039-09-08,-55,0.0,error,error
2019-04-16,0,0.0,error,error
2019-04-16,20,0.0,error,error
2019-04-16,35,0.0,error,error
2019-04-16,45,0.0,error,error
2019-04-16,55,0.0,error,error
2019-04-16,64,0.0,error,error
2019-04-16,-33,0.0,error,error
2019-04-16,-55,0.0,error,error
2040-11-11,0,0.0,error,error
2040-11-11,20,0.0,error,error
2040-11-11,35,0.0,error,error
2040-11-11,45,0.0,error,error
2040-11-11,55,0.0,error,error
2040-11-11,64,0.0,error,error
2040-11-11,-33,0.0,error,error
2040-11-11,-55,0.0,error,error
2033-01-28,0,0.0,error,error
2033-01-28,20,0.0,error,error
2033-01-28,35,0.0,error,error
2033-01-28,45,0.0,error,error
2033-01-28,55,0.0,error,error
2033-01-28,64,0.0,error,error
2033-01-28,-33,0.0,error,error
2033-01-28,-55,0.0,error,error
